"biercode","naam","type","stijl","alcohol","brouwcode"
1,"BIOBIER","LAGER,PALE","BIO",4.80,983
2,"ORGANIC HELLES","LAGER,PALE","BIO",4.60,1163
3,"RAPUNZEL EXPORT","LAGER,PALE","BIO",5.10,1218
4,"ZIPPIL","LAGER,PALE","BIO",4.60,1163
5,"ZAHRE CANAPA","LAGER,PALE","CANAPA",5.00,1351
6,"CALANDA ICE","LAGER,PALE","ICE",4.80,797
7,"GULL","LAGER,PALE","LIGHT",2.20,885
8,"COLUMBUS STIEGL PILS","LAGER,PALE","PILSEN",4.90,1249
9,"HIRTER EXPORT PILS","LAGER,PALE","PILSEN",5.40,983
10,"HIRTER PRIVAT PILS","LAGER,PALE","PILSEN",5.20,983
11,"STIEGL PILS","LAGER,PALE","PILSEN",5.40,1249
12,"HOPPE","LAGER,PALE","PILSEN",5.00,1315
13,"JUPILER PILS","LAGER,PALE","PILSEN",5.00,1008
14,"MAES PILS","LAGER,PALE","PILSEN",5.00,1066
15,"VEGA","LAGER,PALE","PILSEN",5.00,1008
16,"BIRTANG PILS","LAGER,PALE","PILSEN",5.00,756
17,"PILSNER URQUELL","LAGER,PALE","PILSEN",5.00,1146
18,"TSINGTAO PILS","LAGER,PALE","PILSEN",5.00,1289
19,"110 JUBILAEUMS PILSNER","LAGER,PALE","PILSEN",4.60,962
20,"CERES TOP PILSENER","LAGER,PALE","PILSEN",4.60,813
21,"TUBORG GREEN LABEL","LAGER,PALE","PILSEN",5.00,1291
22,"FREEDOM PILSENER","LAGER,PALE","PILSEN",5.00,920
23,"BIERE DU VILLAGE","LAGER,PALE","PILSEN",5.00,1083
24,"ADELSKRONEN PILS","LAGER,PALE","PILSEN",4.90,687
25,"ASTRA","LAGER,PALE","PILSEN",5.00,730
26,"AYINGER PILS","LAGER,PALE","PILSEN",5.00,713
27,"BRINKHOFF N.1","LAGER,PALE","PILSEN",4.90,783
28,"CD PILS","LAGER,PALE","PILSEN",5.30,863
29,"DAB MEISTER PILS","LAGER,PALE","PILSEN",5.00,869
30,"EKU PILS","LAGER,PALE","PILSEN",4.90,895
31,"EULER LANDPILS","LAGER,PALE","PILSEN",5.00,897
32,"FELDSCHLOSSCHEN PILSN.","LAGER,PALE","PILSEN",4.90,907
33,"FORUM PILS","LAGER,PALE","PILSEN",5.00,1057
34,"FREIBERGER PILS","LAGER,PALE","PILSEN",4.90,776
35,"HANSA PILS","LAGER,PALE","PILSEN",5.00,959
36,"HERFORDER PILS","LAGER,PALE","PILSEN",4.80,975
37,"HOLSTEN PILSENER","LAGER,PALE","PILSEN",5.00,988
38,"JAHNS BRAU","LAGER,PALE","PILSEN",5.00,1001
39,"JEVER PILSENER","LAGER,PALE","PILSEN",5.00,730
40,"KADEWE","LAGER,PALE","PILSEN",5.00,1009
41,"KAISERDOM PILS","LAGER,PALE","PILSEN",4.50,1011
42,"KAISERDOM PILSENER","LAGER,PALE","PILSEN",5.00,791
43,"KITZMANN EDELPILS","LAGER,PALE","PILSEN",5.00,1020
44,"KLOSTERBRAU PILSENER","LAGER,PALE","PILSEN",5.00,683
45,"KOEPFF PILS","LAGER,PALE","PILSEN",5.00,1023
46,"KONIG PILSENER","LAGER,PALE","PILSEN",4.90,1026
47,"KRISTALL PILS","LAGER,PALE","PILSEN",5.00,1174
48,"KUR PILS","LAGER,PALE","PILSEN",5.00,1302
49,"LOSCHER PILS","LAGER,PALE","PILSEN",5.00,1060
50,"MERLIN'S PILSENER","LAGER,PALE","PILSEN",4.90,743
51,"PALMBRAU PILSENER","LAGER,PALE","PILSEN",5.00,1130
52,"PAULANER PILS","LAGER,PALE","PILSEN",5.00,1133
53,"RITTER PILS","LAGER,PALE","PILSEN",5.00,1167
54,"ROSEN PILS","LAGER,PALE","PILSEN",4.80,1178
55,"ROTHAUS PILS","LAGER,PALE","PILSEN",5.00,1179
56,"SANDLERBRAU PILSENER","LAGER,PALE","PILSEN",5.00,1192
57,"SCHWABEN BRAU PILSENER","LAGER,PALE","PILSEN",4.90,1206
58,"THURN UND TAXIS PILS","LAGER,PALE","PILSEN",4.90,1267
59,"VELDENSTEINER PILSENER","LAGER,PALE","PILSEN",5.00,1010
60,"VELTINS PILSENER","LAGER,PALE","PILSEN",5.00,1319
61,"WOLTERS PILSENER","LAGER,PALE","PILSEN",4.80,1337
62,"704","LAGER,PALE","PILSEN",5.20,754
63,"CITTAVECCHIA CHIARA","LAGER,PALE","PILSEN",5.00,821
64,"DOLOMITI PILSEN","LAGER,PALE","PILSEN",5.00,686
65,"EDEL BIER","LAGER,PALE","PILSEN",5.00,1081
66,"EXTRA HOP","LAGER,PALE","PILSEN",4.80,753
67,"FORST PILS","LAGER,PALE","PILSEN",5.00,916
68,"ITALA PILSEN","LAGER,PALE","PILSEN",5.00,1139
69,"LA FABBRICA PILS","LAGER,PALE","PILSEN",4.50,1037
70,"N.1","LAGER,PALE","PILSEN",4.50,733
71,"NEPTUN KRONE","LAGER,PALE","PILSEN",4.50,995
72,"PREMIUM PILS","LAGER,PALE","PILSEN",5.20,1317
73,"ST. JOHANNES BRAU PILS","LAGER,PALE","PILSEN",4.90,1235
74,"TIPOPILS","LAGER,PALE","PILSEN",5.20,753
75,"VALLEY PILSENER","LAGER,PALE","PILSEN",5.00,1310
76,"ZAHRE PILS","LAGER,PALE","PILSEN",5.00,1351
77,"BRAND PILSENER","LAGER,PALE","PILSEN",5.00,771
78,"CHRISTOFFEL BLOND","LAGER,PALE","PILSEN",5.00,1234
79,"HERTOG JAN PILSENER","LAGER,PALE","PILSEN",5.00,844
80,"ORANJEBOOM DE LUXE","LAGER,PALE","PILSEN",4.90,1118
81,"RINGNES PILS","LAGER,PALE","PILSEN",4.70,1165
82,"WISBY PILS","LAGER,PALE","PILSEN",5.00,1230
83,"PRIMA PILS","LAGER,PALE","PILSEN",5.00,1323
84,"WUNDERBAR PILS","LAGER,PALE","PILSEN",4.90,933
85,"GRIESKIRCHNER ZWICKEL","LAGER,PALE","ZWICKEL",5.00,944
86,"1417","LAGER,PALE","ZWICKEL",5.50,954
87,"WIENINGER ZWICKEL","LAGER,PALE","ZWICKEL",5.00,1334
88,"CALANDA ZWICKEL","LAGER,PALE","ZWICKEL",4.90,797
89,"KLOSTERBRAU","LAGER,PALE","ZWICKEL",4.80,887
90,"CASTLEMAINE XXXX","LAGER,PALE",,4.80,809
91,"FOSTER'S LAGER","LAGER,PALE",,4.50,917
92,"ADAMBRAU","LAGER,PALE",,5.00,685
93,"FOHRENBURGER","LAGER,PALE",,5.60,915
94,"FREISTADTER BIER","LAGER,PALE",,5.00,777
95,"GOSSER EXPORT","LAGER,PALE",,5.00,1246
96,"GOSSER GOLD","LAGER,PALE",,5.00,1246
97,"KAISER BIER","LAGER,PALE",,5.00,1120
98,"KENNEN","LAGER,PALE",,5.00,1153
99,"OTTAKRINGER LAGER","LAGER,PALE",,5.20,1121
100,"PANTHER BRAU","LAGER,PALE",,5.40,1153
101,"STARKENBERGER URHELL","LAGER,PALE",,5.00,1203
102,"STEFFL EXPORT","LAGER,PALE",,5.40,1120
103,"STIEGL GOLD","LAGER,PALE",,5.00,1249
104,"VILLACHER GOLD","LAGER,PALE",,5.00,1320
105,"ZIPFER BIER","LAGER,PALE",,5.00,1120
106,"ZIPFER MARZEN","LAGER,PALE",,5.20,1120
107,"CLUB DE STELLA ARTOIS","LAGER,PALE",,5.00,707
108,"LOBURG","LAGER,PALE",,5.00,707
109,"STELLA ARTOIS","LAGER,PALE",,5.00,707
110,"BAVARIA LAGER","LAGER,PALE",,5.00,728
111,"BRAHMA CHOPPP","LAGER,PALE",,4.00,768
112,"LABATT'S CANADIAN","LAGER,PALE",,5.00,1041
113,"BUDWEISER BUDVAR","LAGER,PALE",,5.00,790
114,"STAROPRAMEN","LAGER,PALE",,5.00,1243
115,"CHUNG HUA","LAGER,PALE",,5.00,1352
116,"SHANGAI","LAGER,PALE",,4.00,1210
117,"ZHONG HUA","LAGER,PALE",,5.00,1352
118,"ANTILLANA","LAGER,PALE",,4.80,1270
119,"PALMA CRISTAL","LAGER,PALE",,4.90,789
120,"ALBANI BEER","LAGER,PALE",,5.00,691
121,"CARLSBERG BEER","LAGER,PALE",,4.60,807
122,"CERES BEER","LAGER,PALE",,5.00,813
123,"FAXE","LAGER,PALE",,5.60,906
124,"RED ERIC","LAGER,PALE",,5.00,813
125,"TUBORG GOLD LABEL","LAGER,PALE",,5.70,1291
126,"PRESIDENT","LAGER,PALE",,5.00,814
127,"ALSOPP'S LAGER","LAGER,PALE",,5.00,998
128,"LONG LIFE","LAGER,PALE",,5.00,998
129,"SKOL LAGER","LAGER,PALE",,5.00,998
130,"SKONA EXPORT","LAGER,PALE",,5.00,955
131,"SLALOM LAGER","LAGER,PALE",,5.00,1063
132,"TRENT EXPORT LAGER","LAGER,PALE",,4.90,1283
133,"S. MIGUEL","LAGER,PALE",,5.00,1186
134,"KARHU","LAGER,PALE",,4.60,1219
135,"LAPIN KULTA","LAGER,PALE",,5.20,1045
136,"EXPORT 33","LAGER,PALE",,5.00,1300
137,"GOLD DE KANTERBRAU","LAGER,PALE",,5.00,1014
138,"GOTHIC","LAGER,PALE",,5.00,1014
139,"KANTERBRAU","LAGER,PALE",,5.00,1014
140,"KRONENBOURG","LAGER,PALE",,5.20,1027
141,"LA BELLE STRASBOURGEUSE","LAGER,PALE",,4.90,910
142,"LA TOURMENTE DE MARS","LAGER,PALE",,5.90,941
143,"MUTZIG","LAGER,PALE",,5.00,1098
144,"PELFORTH FRESH","LAGER,PALE",,5.00,1134
145,"PELFORTH PALE","LAGER,PALE",,6.00,1134
146,"SAINT OMER","LAGER,PALE",,5.00,1190
147,"TOURMENTE","LAGER,PALE",,5.00,941
148,"ALTENMUNSTER","LAGER,PALE",,4.90,696
149,"AYINGER LAGER","LAGER,PALE",,5.00,713
150,"AYINGER STRONG LAGER","LAGER,PALE",,5.00,713
151,"BECKER'S","LAGER,PALE",,5.00,734
152,"BECK'S BIER","LAGER,PALE",,5.00,735
153,"BIERE DES DRUIDES","LAGER,PALE",,5.00,893
154,"CESARUM 1","LAGER,PALE",,5.00,893
155,"CLASSIC","LAGER,PALE",,5.30,870
156,"DAB ACTIEN","LAGER,PALE",,5.00,869
157,"DACHSENFRANZ KELLERBIER","LAGER,PALE",,5.20,974
158,"DINCKEL ACKER PRIVAT","LAGER,PALE",,5.00,863
159,"DRESSLER","LAGER,PALE",,5.20,979
160,"DUB EXPORT","LAGER,PALE",,5.00,871
161,"EDELHELL","LAGER,PALE",,5.00,954
162,"FALKENTURM","LAGER,PALE",,5.40,858
163,"FESTBIER","LAGER,PALE",,5.60,1000
164,"FINK BRAU","LAGER,PALE",,4.90,1054
165,"FRANZ JOSEPH JUBELBIER","LAGER,PALE",,5.50,1189
166,"FURSTENBERG","LAGER,PALE",,5.00,925
167,"HASEN BRAU","LAGER,PALE",,5.00,966
168,"HENNINGER EXPORT","LAGER,PALE",,5.30,973
169,"HENNINGER KAISER PREMIUM","LAGER,PALE",,5.00,973
170,"HENNINGER MEISTER","LAGER,PALE",,5.00,973
171,"HENNINGER PRIVAT","LAGER,PALE",,5.00,973
172,"HOFBRAU ROYAL","LAGER,PALE",,5.00,984
173,"HOLSTEN BIER","LAGER,PALE",,5.00,988
174,"HOLSTEN EXPORT","LAGER,PALE",,5.00,988
175,"ICE BEER","LAGER,PALE",,4.50,893
176,"JAHRHUNDERTBIER","LAGER,PALE",,5.50,713
177,"KLOSTER BIER","LAGER,PALE",,5.00,897
178,"KULMB. SCHWEIZERHOFBR.","LAGER,PALE",,5.00,1028
179,"LOSCHER BIER","LAGER,PALE",,5.00,1060
180,"LOWENBRAU","LAGER,PALE",,5.00,1062
181,"MANNLICH","LAGER,PALE",,5.00,1015
182,"MONCHSGOLD","LAGER,PALE",,5.00,1010
183,"PATRIZIER","LAGER,PALE",,5.00,1132
184,"PAULANER HELL URTYP","LAGER,PALE",,5.50,1133
185,"PINKUS SPEZIAL","LAGER,PALE",,5.10,1142
186,"PLANKSTETTEN SPEZIAL","LAGER,PALE",,5.30,1163
187,"POLSTER","LAGER,PALE",,5.00,1147
188,"PRIMA","LAGER,PALE",,4.60,1163
189,"REGENTEN","LAGER,PALE",,5.00,1160
190,"REICHELBRAU FESTBIER","LAGER,PALE",,5.00,1161
191,"RIEGELE HELL","LAGER,PALE",,5.00,1164
192,"S. PAULI GIRL","LAGER,PALE",,5.00,735
193,"SPACE 2001","LAGER,PALE",,5.00,1011
194,"SPATENGOLD","LAGER,PALE",,5.40,1229
195,"STAUDER","LAGER,PALE",,5.00,1244
196,"TUCHER EXPORT","LAGER,PALE",,5.00,1292
197,"TYROLIAN BRAU","LAGER,PALE",,5.00,893
198,"WARSTEINER","LAGER,PALE",,5.00,1325
199,"WURZBURGER","LAGER,PALE",,5.00,1342
200,"PORT ROYAL EXPORT","LAGER,PALE",,5.00,815
201,"SALVA VIDA","LAGER,PALE",,5.00,815
202,"COBRA","LAGER,PALE",,5.00,823
203,"KALYANI","LAGER,PALE",,4.80,1301
204,"KINGFISHER","LAGER,PALE",,5.00,1301
205,"XXX LAGER","LAGER,PALE",,5.00,1346
206,"HARP","LAGER,PALE",,5.00,946
207,"MACCABEE","LAGER,PALE",,4.90,1258
208,"1492","LAGER,PALE",,4.70,872
209,"150 ANNIVERSARIO CHIARA","LAGER,PALE",,5.00,1081
210,"ASTER BIER","LAGER,PALE",,4.70,931
211,"BF&D HELL","LAGER,PALE",,5.00,744
212,"BIONDA","LAGER,PALE",,5.00,793
213,"BIONDA","LAGER,PALE",,5.20,1111
214,"BIRRA CASTELLO","LAGER,PALE",,5.00,808
215,"CASTELBERG","LAGER,PALE",,5.40,1193
216,"CERVISIA","LAGER,PALE",,4.50,817
217,"CLARA","LAGER,PALE",,4.80,755
218,"CREMONA","LAGER,PALE",,4.80,812
219,"CRYSTALL WUHRER","LAGER,PALE",,5.00,1340
220,"DANA BRAU","LAGER,PALE",,4.50,1340
221,"DREHER","LAGER,PALE",,5.00,872
222,"EL FIGOUN","LAGER,PALE",,5.20,697
223,"FORST BIRRA DI PASQUA","LAGER,PALE",,5.60,916
224,"ICHNUSA","LAGER,PALE",,5.00,996
225,"KRONEN","LAGER,PALE",,5.00,916
226,"LOCKWOODS EXPORT BIER","LAGER,PALE",,5.00,1059
227,"MARILYN","LAGER,PALE",,4.90,752
228,"MORETTI","LAGER,PALE",,4.70,1093
229,"MULLER","LAGER,PALE",,6.00,793
230,"NASTRO AZZURRO","LAGER,PALE",,5.00,1139
231,"OMNIA","LAGER,PALE",,5.50,714
232,"PAULVER LAGER","LAGER,PALE",,5.00,1240
233,"PEDAVENA","LAGER,PALE",,5.00,970
234,"PERONI","LAGER,PALE",,4.60,1139
235,"PRAFORTE CHIARA","LAGER,PALE",,5.00,1261
236,"PRINZ BRAU PREMIUM","LAGER,PALE",,5.00,1152
237,"PUSTERTALER SPEZIAL","LAGER,PALE",,5.40,1154
238,"S. VICTOR'S","LAGER,PALE",,4.50,995
239,"S.GIORGIO","LAGER,PALE",,5.00,1148
240,"SIMPLON","LAGER,PALE",,5.00,1340
241,"SPINNER","LAGER,PALE",,4.70,931
242,"SPLUGEN ORO","LAGER,PALE",,5.00,1148
243,"STELVIO","LAGER,PALE",,4.80,1247
244,"STUCK","LAGER,PALE",,5.50,1341
245,"SVEVA","LAGER,PALE",,5.00,938
246,"THERESIANER PREMIUM","LAGER,PALE",,4.80,1265
247,"VALLEY CONTINENTAL LAGER","LAGER,PALE",,5.00,1310
248,"VECCHIO PESCATORE","LAGER,PALE",,5.00,1318
249,"VIKING BEER","LAGER,PALE",,5.50,1148
250,"VON WUNSTER CHIARA","LAGER,PALE",,5.00,1341
251,"WUNSTER EXPORT 14","LAGER,PALE",,5.00,1341
252,"ASASHI SUPER DRY","LAGER,PALE",,5.00,708
253,"KIRIN","LAGER,PALE",,5.00,1019
254,"KIRIN ICHIBAN","LAGER,PALE",,5.50,1019
255,"SAPPORO BLACK LABEL","LAGER,PALE",,5.00,1194
256,"SAPPORO DRAFT BEER","LAGER,PALE",,5.00,1194
257,"SAPPORO PREMIUM LAGER","LAGER,PALE",,4.50,947
258,"YEBISU","LAGER,PALE",,5.00,1194
259,"TUSKER PREMIUM LAGER","LAGER,PALE",,5.00,1016
260,"CISK LAGER","LAGER,PALE",,5.00,905
261,"BOHEMIA LAGER","LAGER,PALE",,5.30,761
262,"CORONA EXTRA","LAGER,PALE",,4.50,1087
263,"DOS EQUIS LAGER","LAGER,PALE",,4.60,1086
264,"SOL","LAGER,PALE",,5.00,1086
265,"AMSTEL","LAGER,PALE",,5.00,698
266,"AMSTEL ZOMMER","LAGER,PALE",,5.00,971
267,"BAVARIA","LAGER,PALE",,5.00,729
268,"BREDA","LAGER,PALE",,5.00,782
269,"GROLSCH LAGER","LAGER,PALE",,5.00,945
270,"HEINEKEN","LAGER,PALE",,5.00,971
271,"HOLLANDIA","LAGER,PALE",,4.80,950
272,"ROYAL BRAND","LAGER,PALE",,5.00,771
273,"ROYAL DUTCH","LAGER,PALE",,5.00,1151
274,"TULIPAN","LAGER,PALE",,5.00,1256
275,"HANSA","LAGER,PALE",,4.70,960
276,"CUSQUENA","LAGER,PALE",,5.00,816
277,"LECH PREMIUM","LAGER,PALE",,5.70,1024
278,"IMPERIAL","LAGER,PALE",,5.10,811
279,"SAGRES","LAGER,PALE",,5.00,811
280,"SUPERBOCK","LAGER,PALE",,5.80,1297
281,"CAVALIER MC EWANS","LAGER,PALE",,5.00,1208
282,"TENNENT'S 1885","LAGER,PALE",,5.00,1259
283,"TENNENT'S EXTRA","LAGER,PALE",,4.50,1259
284,"TENNENT'S LAGER","LAGER,PALE",,5.00,1259
285,"TIGER","LAGER,PALE",,5.00,710
286,"GOLD HORN","LAGER,PALE",,5.00,1046
287,"LASKO","LAGER,PALE",,5.00,1046
288,"PREMIUM PIVO","LAGER,PALE",,5.00,1299
289,"SMILE","LAGER,PALE",,5.00,1299
290,"UNION SVETLO PIVO","LAGER,PALE",,5.00,1299
291,"ZLATOROG CLUB","LAGER,PALE",,5.00,1046
292,"ZLATOROG PIVO","LAGER,PALE",,5.00,1046
293,"AMBAR","LAGER,PALE",,5.20,1040
294,"ESTRELLA GALICIA","LAGER,PALE",,5.00,981
295,"XIBECA","LAGER,PALE",,4.60,836
296,"BARBARA","LAGER,PALE",,5.90,887
297,"BIERA ENGIADINAISA","LAGER,PALE",,5.00,746
298,"CALANDA BRAU","LAGER,PALE",,4.80,797
299,"CALANDA EDELBRAU","LAGER,PALE",,5.20,797
300,"CALANDA MEISTERBRAU","LAGER,PALE",,5.20,797
301,"CARDINAL DRAFT","LAGER,PALE",,4.90,803
302,"COOP BIO BIER","LAGER,PALE",,5.20,1058
303,"QUOLLFRISCH","LAGER,PALE",,5.00,1058
304,"TELL","LAGER,PALE",,4.80,827
305,"NORRLANDS GUND","LAGER,PALE",,5.30,1230
306,"OLD GOLD","LAGER,PALE",,5.00,1230
307,"SPENDRUP'S EXPORT","LAGER,PALE",,5.00,1230
308,"SPENDRUP'S ORIGINAL","LAGER,PALE",,5.20,1230
309,"HINANO","LAGER,PALE",,4.90,773
310,"SHINGA BEER","LAGER,PALE",,6.00,763
311,"ZHIGULI BEER","LAGER,PALE",,4.20,1353
312,"BLUE RIBBON","LAGER,PALE",,4.60,1125
313,"BROOKLIN LAGER","LAGER,PALE",,5.00,786
314,"BUDWEISER LAGER","LAGER,PALE",,4.80,701
315,"BUDWEISER PREMIUM BEER","LAGER,PALE",,5.00,701
316,"BUSH","LAGER,PALE",,5.00,701
317,"GENUINE DRAFT","LAGER,PALE",,4.70,1085
318,"LONGBOARD LAGER","LAGER,PALE",,5.50,1025
319,"MICHELOB","LAGER,PALE",,4.80,701
320,"MILLER HIGH LIFE","LAGER,PALE",,5.00,1085
321,"MILLER LITE","LAGER,PALE",,5.00,1085
322,"OLYMPIA","LAGER,PALE",,4.30,1115
323,"SAMUEL ADAMS BOSTON LAGER","LAGER,PALE",,5.00,765
324,"SCHMIDT'S","LAGER,PALE",,5.00,795
325,"STROH'S","LAGER,PALE",,5.00,1255
326,"BECEJSKO PIVO","LAGER,PALE",,5.00,690
327,"GOLD PIVO","LAGER,PALE",,5.00,1145
328,"HELEN PIVO","LAGER,PALE",,5.00,1145
329,"NIKSICKO PIVO","LAGER,PALE",,5.00,1144
330,"OZUJSKO PIVO","LAGER,PALE",,5.00,1350
331,"EGGENBERGER URBOCK","STRONG LAGE","BOCK",9.90,883
332,"LIBERTY BEER","STRONG LAGE","BOCK",7.40,883
333,"STEINBOCK","STRONG LAGE","BOCK",5.00,987
334,"BERGBOCK HELL","STRONG LAGE","BOCK",6.80,1021
335,"BOMBER'S PIN UP","STRONG LAGE","BOCK",7.50,893
336,"EINBECKER URBOCK","STRONG LAGE","BOCK",5.00,888
337,"EKU EDELBOCK","STRONG LAGE","BOCK",6.80,895
338,"FORTATOR","STRONG LAGE","BOCK",12.00,893
339,"GAMBRINUS DOPPELBOCK","STRONG LAGE","BOCK",5.00,928
340,"GOLDBOCK","STRONG LAGE","BOCK",7.10,1334
341,"GOLDSTADT 22","STRONG LAGE","BOCK",8.00,780
342,"HELLER BOCK","STRONG LAGE","BOCK",5.00,704
343,"HUIT CYLINDRES","STRONG LAGE","BOCK",7.50,893
344,"MAHRS BOCK","STRONG LAGE","BOCK",6.50,1069
345,"PAULANER URBOCK","STRONG LAGE","BOCK",7.50,1133
346,"SENATOR URBOCK","STRONG LAGE","BOCK",5.00,988
347,"URACHER OLPP","STRONG LAGE","BOCK",5.00,1114
348,"709","STRONG LAGE","BOCK",6.20,754
349,"BF&D BOCK","STRONG LAGE","BOCK",5.00,744
350,"BIBOCK","STRONG LAGE","BOCK",6.20,753
351,"FORST MEIBOCK","STRONG LAGE","BOCK",5.00,916
352,"MOLTOMALTO","STRONG LAGE","BOCK",7.50,733
353,"RISERVA ORO PLANAIS","STRONG LAGE","BOCK",6.20,808
354,"SPLUGEN BOCK","STRONG LAGE","BOCK",5.00,1148
355,"SPLUGEN BOCK ROSSA","STRONG LAGE","BOCK",5.00,1148
356,"BLONDE BOCK","STRONG LAGE","BOCK",5.00,937
357,"DEAD GUY ALE","STRONG LAGE","BOCK",6.80,1173
358,"MAIBOCK","STRONG LAGE","BOCK",5.00,936
359,"MAIBOCK","STRONG LAGE","BOCK",5.00,692
360,"BROWN BEAR","STRONG LAGE","EXTRASTRONG",10.00,962
361,"BIERE DU DEMON","STRONG LAGE","EXTRASTRONG",12.00,892
362,"BIERE SPECIALE SUPER FORTE","STRONG LAGE","EXTRASTRONG",7.90,886
363,"8.6","STRONG LAGE","EXTRASTRONG",7.90,729
364,"AMSTERDAM NAVIGATOR","STRONG LAGE","EXTRASTRONG",10.00,945
365,"GORDON FINEST GOLD","STRONG LAGE","EXTRASTRONG",10.00,1005
366,"TENNENT'S SUPER","STRONG LAGE","EXTRASTRONG",9.60,1259
367,"JESINA SPEZIAL BIER","STRONG LAGE",,5.00,1200
368,"EXTRA STOCK","STRONG LAGE",,7.20,1041
369,"OLD STOCK","STRONG LAGE",,6.00,804
370,"BJORN BEER","STRONG LAGE",,8.90,962
371,"CARLSBERG SPECIAL","STRONG LAGE",,8.50,806
372,"CERES EXPORT","STRONG LAGE",,7.70,813
373,"ELEPHANT","STRONG LAGE",,7.10,806
374,"GIRAF","STRONG LAGE",,6.80,691
375,"ROYAL DENMARK","STRONG LAGE",,7.80,1290
376,"ALLSOPP'S STRONG LAGER","STRONG LAGE",,5.00,998
377,"CHESTER STORM","STRONG LAGE",,8.40,819
378,"CREST SUPER","STRONG LAGE",,10.00,833
379,"MUST","STRONG LAGE",,8.20,678
380,"SLALOM STRONG LAGER","STRONG LAGE",,5.00,1077
381,"TRENT STRONG BEER","STRONG LAGE",,7.50,1283
382,"LAPIN KULTA 7","STRONG LAGE",,7.00,1045
383,"1664 DE KRONENBOURG","STRONG LAGE",,6.10,1027
384,"BEAUBOURG","STRONG LAGE",,5.00,892
385,"BIERE DU DESERT","STRONG LAGE",,7.00,892
386,"BIERE DU MYSTERE","STRONG LAGE",,6.40,892
387,"BIERE PRIMEUR","STRONG LAGE",,6.60,910
388,"FISCHER DOPPIO MALTO","STRONG LAGE",,5.00,910
389,"FISCHER GOLD PREMIUM","STRONG LAGE",,6.60,910
390,"TRADITION DE FISCHER","STRONG LAGE",,6.50,910
391,"BELFAGOR","STRONG LAGE",,5.00,1213
392,"EULER MAXIMILIAN","STRONG LAGE",,5.00,897
393,"FRANZISKUS","STRONG LAGE",,6.70,1229
394,"GOLD EXPLOSION","STRONG LAGE",,7.20,976
395,"TEKKNO","STRONG LAGE",,6.40,1011
396,"TROMPE LA MORT","STRONG LAGE",,5.00,893
397,"GOLDEN FIRE","STRONG LAGE",,6.50,1097
398,"HARP STRONG","STRONG LAGE",,7.00,946
399,"AMBRA","STRONG LAGE",,7.00,793
400,"CRYSTALL DOPPIO MALTO","STRONG LAGE",,5.00,1340
401,"GOLDEN MALT","STRONG LAGE",,5.00,1341
402,"LA MI DONA","STRONG LAGE",,6.50,697
403,"PERONI GRAN RISERVA","STRONG LAGE",,6.60,1139
404,"RE MAGI","STRONG LAGE",,8.00,733
405,"SANS SOUCI","STRONG LAGE",,5.00,1093
406,"STRENNA","STRONG LAGE",,7.00,812
407,"EXTRA STRONG","STRONG LAGE",,6.00,1185
408,"DEBOWE MOCNE","STRONG LAGE",,7.00,1024
409,"VOLL DAMM","STRONG LAGE",,7.20,836
410,"RED BULL","STRONG LAGE",,7.00,1255
411,"MARZENBBOCK","LAGER, AMBE","BOCK",7.20,1334
412,"IMPERATOR","LAGER, AMBE","BOCK",6.50,771
413,"KULMINATOR URTYP HELL","LAGER, AMBE","EXTRASTRONG",11.00,895
414,"TABACHERA","LAGER, AMBE","EXTRASTRONG",10.00,697
415,"CAESAURUS","LAGER, AMBE","EXTRASTRONG",12.60,993
416,"SAMICHLAUS PALE","LAGER, AMBE","EXTRASTRONG",4.00,993
417,"AUGUSTINER OCTOBERFEST","LAGER, AMBE","MARZEN-OCTOBER",5.00,712
418,"OKTOBERFESTBIER","LAGER, AMBE","MARZEN-OCTOBER",5.90,1229
419,"CITTAVECCHIA ROSSA","LAGER, AMBE","MARZEN-OCTOBER",5.00,821
420,"RISERVA ROSSA PLANAIS","LAGER, AMBE","MARZEN-OCTOBER",6.20,808
421,"THERESIANER VIENNA","LAGER, AMBE","MARZEN-OCTOBER",5.30,1265
422,"ZAHRE VIENNA","LAGER, AMBE","MARZEN-OCTOBER",5.00,1351
423,"DOS EQUIS","LAGER, AMBE","MARZEN-OCTOBER",4.60,1086
424,"GORDON BIERSCH MARZEN","LAGER, AMBE","MARZEN-OCTOBER",5.00,937
425,"RED ROOST","LAGER, AMBE","MARZEN-OCTOBER",5.00,1038
426,"ROCKFELLER RED","LAGER, AMBE","MARZEN-OCTOBER",5.00,824
427,"SAMUEL ADAMS OCTOBERFEST","LAGER, AMBE","MARZEN-OCTOBER",5.70,765
428,"SAMUEL ADAMS WINTERFEST","LAGER, AMBE","MARZEN-OCTOBER",5.00,765
429,"WINTER LAGER","LAGER, AMBE","MARZEN-OCTOBER",5.00,1131
430,"ORIGINAL RED","LAGER, AMBE",,7.20,1041
431,"PERNSTEJN DARK","LAGER, AMBE",,5.00,1138
432,"RED DRAK","LAGER, AMBE",,6.00,1242
433,"STAROPRAMEN GRANAT","LAGER, AMBE",,4.80,1243
434,"JULEBRYG","LAGER, AMBE",,5.60,1290
435,"PASKE BRYG","LAGER, AMBE",,8.70,806
436,"SOHO RED","LAGER, AMBE",,4.60,920
437,"MORTIMER","LAGER, AMBE",,7.60,1083
438,"REDSON","LAGER, AMBE",,5.00,1027
439,"HENNIGER ROSSA","LAGER, AMBE",,5.00,973
440,"PAULANER ROSSA","LAGER, AMBE",,5.00,1133
441,"S. GEORGEN BOCK","LAGER, AMBE",,5.00,780
442,"150 ANNIVERSARIO AMBRATA","LAGER, AMBE",,5.00,1081
443,"AMBER SHOCK","LAGER, AMBE",,7.00,753
444,"BIRRA DI NATALE","LAGER, AMBE",,8.00,733
445,"GILDA","LAGER, AMBE",,4.50,733
446,"LA FABBRICA BOCK","LAGER, AMBE",,4.50,1037
447,"LA ROSSA FRIULANA","LAGER, AMBE",,5.00,1093
448,"PRAFORTE ROSSA","LAGER, AMBE",,5.00,1261
449,"PUTENA","LAGER, AMBE",,7.50,697
450,"RED RIBBON","LAGER, AMBE",,5.00,1139
451,"ROSSA","LAGER, AMBE",,6.70,793
452,"ROXANNE","LAGER, AMBE",,5.80,752
453,"RUBINIA","LAGER, AMBE",,7.00,714
454,"RUFUS BOCK","LAGER, AMBE",,7.80,755
455,"SANGRE DE TORO","LAGER, AMBE",,7.50,733
456,"SPLUGEN RED","LAGER, AMBE",,5.00,1148
457,"VECCHIO BIRRAIO AMBRATA","LAGER, AMBE",,5.00,1317
458,"DOPPO AMBER","LAGER, AMBE",,5.00,868
459,"ROBERTUS","LAGER, AMBE",,6.00,1234
460,"UNION AMBER","LAGER, AMBE",,5.50,1299
461,"AMBAR ESPECIAL","LAGER, AMBE",,7.00,1040
462,"OLD WEST AMBER BEER","LAGER, AMBE",,5.10,1113
463,"ASASHI BLACK BEER","LAGER, DARK","BLACK",5.00,708
464,"SAPPORO BLACK BEER","LAGER, DARK","BLACK",5.00,1194
465,"EGGENBERGER FESTBOCK","LAGER, DARK","DOPPELBOCK",9.90,883
466,"ANIMATOR","LAGER, DARK","DOPPELBOCK",5.00,954
467,"AYINGER WINTER BOCK","LAGER, DARK","DOPPELBOCK",6.70,713
468,"BAJUVATOR","LAGER, DARK","DOPPELBOCK",5.00,1292
469,"BECKER'S JUBILAUMSBOCK","LAGER, DARK","DOPPELBOCK",5.00,734
470,"BERGBOCK DUNKEL","LAGER, DARK","DOPPELBOCK",6.80,1021
471,"BOCULATOR","LAGER, DARK","DOPPELBOCK",5.00,1132
472,"BURONATOR","LAGER, DARK","DOPPELBOCK",6.90,1177
473,"CELEBRATOR","LAGER, DARK","DOPPELBOCK",7.30,713
474,"CORONATOR","LAGER, DARK","DOPPELBOCK",7.50,704
475,"DELICATOR","LAGER, DARK","DOPPELBOCK",5.00,984
476,"FEUERIO TROPFEN","LAGER, DARK","DOPPELBOCK",9.00,953
477,"OPTIMATOR","LAGER, DARK","DOPPELBOCK",6.80,1229
478,"SALVATOR","LAGER, DARK","DOPPELBOCK",7.50,1133
479,"SUFFIKATOR","LAGER, DARK","DOPPELBOCK",6.80,1302
480,"TRIUMPHATOR","LAGER, DARK","DOPPELBOCK",5.00,1062
481,"SCHAFLY DOPPELBOCK","LAGER, DARK","DOPPELBOCK",5.00,1199
482,"WINTERBOCK","LAGER, DARK","DOPPELBOCK",5.00,937
483,"GOSSER DARK","LAGER, DARK","DUNKEL",4.60,1246
484,"GOSSER STIFTS BRAU","LAGER, DARK","DUNKEL",3.80,1246
485,"STARKENBERGER DUNKEL","LAGER, DARK","DUNKEL",4.80,1203
486,"ANTONIUS DUNKEL","LAGER, DARK","DUNKEL",5.40,1239
487,"DUNKLE PERLE","LAGER, DARK","DUNKEL",5.50,907
488,"EKU RUBIN","LAGER, DARK","DUNKEL",5.00,895
489,"FRANKENBRAU","LAGER, DARK","DUNKEL",5.00,919
490,"HOFMARK DUNKEL","LAGER, DARK","DUNKEL",5.00,986
491,"KNEITINGER DUNKEL","LAGER, DARK","DUNKEL",5.00,1022
492,"KONIG LUDWIG DUNKEL","LAGER, DARK","DUNKEL",5.10,1202
493,"LOWENBRAU DUNKEL","LAGER, DARK","DUNKEL",5.00,1062
494,"MEISTER DUNKEL","LAGER, DARK","DUNKEL",5.00,973
495,"ST. MAFFEO","LAGER, DARK","DUNKEL",5.00,745
496,"CRNI BARON","LAGER, DARK","DUNKEL",5.30,1299
497,"CALANDA DUNKEL","LAGER, DARK","DUNKEL",4.80,797
498,"EISBOCK","LAGER, DARK","EISBOCK",8.00,1105
499,"EISBOCK REICHELBRAU","LAGER, DARK","EISBOCK",10.00,1161
500,"EDELBIER FEUERFEST","LAGER, DARK","EXTRASTRONG",11.00,1198
501,"SAMICHLAUS","LAGER, DARK","EXTRASTRONG",4.00,884
502,"SAMICHLAUS DARK","LAGER, DARK","EXTRASTRONG",4.00,993
503,"KENNEN SCURA","LAGER, DARK",,5.00,1153
504,"KRONENBOURG SCURA","LAGER, DARK",,5.00,1027
505,"BECK'S SCURA","LAGER, DARK",,5.00,735
506,"BINDING DARK LAGER","LAGER, DARK",,4.80,747
507,"RITTER BRAU","LAGER, DARK",,5.00,1167
508,"SAARFURST SCURA","LAGER, DARK",,5.00,1188
509,"WARSTEINER SCURA","LAGER, DARK",,5.00,1325
510,"ALL BLACK","LAGER, DARK",,6.40,752
511,"BARBU'","LAGER, DARK",,6.00,812
512,"BUSALLA NERA","LAGER, DARK",,5.00,793
513,"FUSCA","LAGER, DARK",,6.60,714
514,"GRAFITE","LAGER, DARK",,4.50,733
515,"MORETTI SCURA","LAGER, DARK",,5.00,1093
516,"MOTOR OIL","LAGER, DARK",,8.00,733
517,"NIGRA","LAGER, DARK",,6.20,753
518,"PERONI BLACK","LAGER, DARK",,5.00,1139
519,"PRIMA","LAGER, DARK",,5.00,753
520,"SIXTUS","LAGER, DARK",,5.00,916
521,"SPLUGEN DARK","LAGER, DARK",,5.00,1148
522,"VON WUNSTER","LAGER, DARK",,5.00,1341
523,"WUNSTER SUPER 18","LAGER, DARK",,5.00,1341
524,"DOUBLE SWIJNKELS","LAGER, DARK",,5.00,1256
525,"HEINEKEN BOCK","LAGER, DARK",,5.00,971
526,"ORANJEBOOM DARK","LAGER, DARK",,5.00,1118
527,"TEMNO LASKO","LAGER, DARK",,5.00,1046
528,"AMBAR NEGRA","LAGER, DARK",,4.80,1040
529,"GAMMEL BRYGD 1992","LAGER, DARK",,4.50,903
530,"JULE OL","LAGER, DARK",,5.30,1230
531,"BERGHOFF DARK","LAGER, DARK",,5.00,742
532,"BUSH BEER","ALE, ENGLIS","BARLEY WINE",12.00,877
533,"BUSH NOEL","ALE, ENGLIS","BARLEY WINE",12.00,877
534,"LA COCHONNETTE","ALE, ENGLIS","BARLEY WINE",9.50,1316
535,"BISHOP'S ALE","ALE, ENGLIS","BARLEY WINE",5.00,1162
536,"CRIPPLE DICK","ALE, ENGLIS","BARLEY WINE",11.70,1233
537,"DOMESDAY (STRONGEST)","ALE, ENGLIS","BARLEY WINE",5.90,861
538,"DOMESDAY ANNIVERSARY","ALE, ENGLIS","BARLEY WINE",9.50,860
539,"GOLD LABEL","ALE, ENGLIS","BARLEY WINE",10.40,1332
540,"GOLDEN PRIDE","ALE, ENGLIS","BARLEY WINE",5.00,924
541,"GOLDIE BARLEY WINE","ALE, ENGLIS","BARLEY WINE",5.00,891
542,"IMPERIAL OLD ALE 89","ALE, ENGLIS","BARLEY WINE",5.00,1338
543,"MILENNIUM 2000 ALE","ALE, ENGLIS","BARLEY WINE",10.50,1143
544,"OLD NICK'S","ALE, ENGLIS","BARLEY WINE",7.30,1349
545,"OLD PECKER","ALE, ENGLIS","BARLEY WINE",9.70,718
546,"RIDLEY'S 27","ALE, ENGLIS","BARLEY WINE",5.00,1162
547,"RUDDLE'S BARLEY WINE","ALE, ENGLIS","BARLEY WINE",5.00,1181
548,"STRONG GOLDEN","ALE, ENGLIS","BARLEY WINE",10.20,1191
549,"THE BISHOP'S TIPPLE","ALE, ENGLIS","BARLEY WINE",5.00,934
550,"TRIPLE DIAMOND","ALE, ENGLIS","BARLEY WINE",102.00,998
551,"VINTAGE ALE 1997","ALE, ENGLIS","BARLEY WINE",8.50,924
552,"BELZEBUTH","ALE, ENGLIS","BARLEY WINE",5.00,1003
553,"MAELSTORM","ALE, ENGLIS","BARLEY WINE",6.00,1241
554,"VIN D'ORZ","ALE, ENGLIS","BARLEY WINE",7.80,1228
555,"XIAOYU","ALE, ENGLIS","BARLEY WINE",13.00,717
556,"SKULLSPLITTER","ALE, ENGLIS","BARLEY WINE",8.50,1119
557,"BANDERSNATCH 25TH","ALE, ENGLIS","BARLEY WINE",9.20,722
558,"BARELY LEGAL BARLEYWINE","ALE, ENGLIS","BARLEY WINE",5.00,1266
559,"BIGFOOT","ALE, ENGLIS","BARLEY WINE",10.30,1215
560,"BLITHERING IDIOT","ALE, ENGLIS","BARLEY WINE",11.10,1331
561,"BROWN SHUGGA","ALE, ENGLIS","BARLEY WINE",10.90,1042
562,"HEAVYWEIGHT","ALE, ENGLIS","BARLEY WINE",5.00,721
563,"HORN DOG","ALE, ENGLIS","BARLEY WINE",10.50,913
564,"MONSTER 2000","ALE, ENGLIS","BARLEY WINE",11.80,786
565,"NAVIGATOR","ALE, ENGLIS","BARLEY WINE",10.60,719
566,"OLD CRUSTACEAN","ALE, ENGLIS","BARLEY WINE",11.30,1173
567,"OLD FOGHORN","ALE, ENGLIS","BARLEY WINE",9.00,699
568,"OLD GUARDIAN","ALE, ENGLIS","BARLEY WINE",9.90,1251
569,"OLD HORIZONTAL","ALE, ENGLIS","BARLEY WINE",11.00,1323
570,"OLD SAGUARO","ALE, ENGLIS","BARLEY WINE",5.00,1227
571,"OLD STOCK ALE","ALE, ENGLIS","BARLEY WINE",11.40,1106
572,"SCHAFLY BARLEYWINE","ALE, ENGLIS","BARLEY WINE",5.00,1199
573,"WELLINGTON PALE ALE","ALE, ENGLIS","BITTER/PALE",5.00,1298
574,"1828 ANNIVERSARY ALE","ALE, ENGLIS","BITTER/PALE",4.80,1048
575,"6X","ALE, ENGLIS","BITTER/PALE",5.00,1324
576,"ABBOT ALE","ALE, ENGLIS","BITTER/PALE",5.00,943
577,"ADNAMS BITTER","ALE, ENGLIS","BITTER/PALE",3.70,688
578,"AK","ALE, ENGLIS","BITTER/PALE",3.70,1080
579,"BASS PALE ALE","ALE, ENGLIS","BITTER/PALE",5.00,725
580,"BATEMANS XB","ALE, ENGLIS","BITTER/PALE",3.70,727
581,"BATEMANS XXXB","ALE, ENGLIS","BITTER/PALE",4.80,727
582,"BETTY STODGE","ALE, ENGLIS","BITTER/PALE",4.00,1221
583,"BLACK SHEEP SPECIAL","ALE, ENGLIS","BITTER/PALE",4.40,758
584,"BLUEBIRD BITTER","ALE, ENGLIS","BITTER/PALE",4.20,826
585,"BODDINGTON'S PUB ALE","ALE, ENGLIS","BITTER/PALE",4.80,1254
586,"BRAKSPEAR BITTER","ALE, ENGLIS","BITTER/PALE",3.50,770
587,"BROADSHIELD BITTER","ALE, ENGLIS","BITTER/PALE",4.00,1335
588,"BROADSIDE","ALE, ENGLIS","BITTER/PALE",4.70,688
589,"BURTON ALE","ALE, ENGLIS","BITTER/PALE",4.50,998
590,"BUTCOMBE BLOND BITTER","ALE, ENGLIS","BITTER/PALE",4.00,794
591,"BUTCOMBE GOLD","ALE, ENGLIS","BITTER/PALE",4.70,794
592,"CELEBRATION 2000 BEST","ALE, ENGLIS","BITTER/PALE",4.30,1080
593,"CHARRINGTON IPA","ALE, ENGLIS","BITTER/PALE",5.00,725
594,"CORNISH KNOCKER","ALE, ENGLIS","BITTER/PALE",4.50,1221
595,"COTLEIGH 25","ALE, ENGLIS","BITTER/PALE",4.20,831
596,"COURAGE (BEST) BITTER","ALE, ENGLIS","BITTER/PALE",5.00,832
597,"COURAGE BEST BITTER","ALE, ENGLIS","BITTER/PALE",5.00,832
598,"COURAGE N.1","ALE, ENGLIS","BITTER/PALE",5.00,832
599,"DEACON","ALE, ENGLIS","BITTER/PALE",4.60,934
600,"DEUCHAR'S IPA","ALE, ENGLIS","BITTER/PALE",3.80,798
601,"DIRECTORS BITTER","ALE, ENGLIS","BITTER/PALE",5.00,832
602,"DOOM BAR","ALE, ENGLIS","BITTER/PALE",4.00,1211
603,"DORKING'S SUMMER ALE","ALE, ENGLIS","BITTER/PALE",4.80,1330
604,"DORSET BEST","ALE, ENGLIS","BITTER/PALE",4.00,715
605,"DOUBLE DIAMOND","ALE, ENGLIS","BITTER/PALE",5.00,998
606,"DOUBLE HOP","ALE, ENGLIS","BITTER/PALE",5.00,1169
607,"DRAUGHT BASS","ALE, ENGLIS","BITTER/PALE",5.00,725
608,"EDEN ALE","ALE, ENGLIS","BITTER/PALE",4.40,1211
609,"EXMOOR ALE","ALE, ENGLIS","BITTER/PALE",3.80,900
610,"EXMOOR FOX","ALE, ENGLIS","BITTER/PALE",4.20,900
611,"EXMOOR GOLD","ALE, ENGLIS","BITTER/PALE",4.50,900
612,"FANFARE","ALE, ENGLIS","BITTER/PALE",4.30,908
613,"FESTIVE ALE","ALE, ENGLIS","BITTER/PALE",5.30,1018
614,"FIREFLY","ALE, ENGLIS","BITTER/PALE",3.70,1107
615,"FLOWERS IPA","ALE, ENGLIS","BITTER/PALE",3.60,901
616,"FLOWERS ORIGINAL","ALE, ENGLIS","BITTER/PALE",4.30,1332
617,"FORTYNINER","ALE, ENGLIS","BITTER/PALE",4.80,1166
618,"FREEDOM PALE","ALE, ENGLIS","BITTER/PALE",4.50,920
619,"FREEDOM SUMMER ALE","ALE, ENGLIS","BITTER/PALE",3.00,920
620,"FROG","ALE, ENGLIS","BITTER/PALE",4.30,908
621,"GOLD EAGLE BITTER","ALE, ENGLIS","BITTER/PALE",5.00,819
622,"GOLIATH","ALE, ENGLIS","BITTER/PALE",4.50,1343
623,"GREENE KING IPA","ALE, ENGLIS","BITTER/PALE",5.00,943
624,"GREENE KING IPA","ALE, ENGLIS","BITTER/PALE",3.80,943
625,"HEWERS IPA","ALE, ENGLIS","BITTER/PALE",3.60,1158
626,"HOOK NORTON BITTER","ALE, ENGLIS","BITTER/PALE",3.40,989
627,"HOP & GLORY","ALE, ENGLIS","BITTER/PALE",5.00,709
628,"HSB","ALE, ENGLIS","BITTER/PALE",4.80,927
629,"IND COOPE PALE ALE","ALE, ENGLIS","BITTER/PALE",5.00,998
630,"JEFFREY HUDSON BITTER","ALE, ENGLIS","BITTER/PALE",3.80,1108
631,"JOHN BULL BITTER","ALE, ENGLIS","BITTER/PALE",5.00,998
632,"JOHN SMITH SMOOTH","ALE, ENGLIS","BITTER/PALE",5.00,1006
633,"LANDLORD","ALE, ENGLIS","BITTER/PALE",4.30,1269
634,"LONDON PRIDE","ALE, ENGLIS","BITTER/PALE",4.10,924
635,"MARSTON'S PEDIGREE","ALE, ENGLIS","BITTER/PALE",4.50,1074
636,"MARSTON'S SINGLE MALT","ALE, ENGLIS","BITTER/PALE",4.70,1074
637,"MOONDANCE","ALE, ENGLIS","BITTER/PALE",4.20,1286
638,"MORLAND TANNER'S JACK","ALE, ENGLIS","BITTER/PALE",4.40,943
639,"MUSEUM ALE","ALE, ENGLIS","BITTER/PALE",5.00,1191
640,"NELSON'S REVENGE","ALE, ENGLIS","BITTER/PALE",4.50,1339
641,"NEW QUAY STEAM BITTER","ALE, ENGLIS","BITTER/PALE",4.70,829
642,"OAKHAM SKITTERS","ALE, ENGLIS","BITTER/PALE",5.00,1108
643,"OLD BAILEY","ALE, ENGLIS","BITTER/PALE",4.80,1072
644,"OLD BREWERY BITTER","ALE, ENGLIS","BITTER/PALE",5.00,1191
645,"OLD BREWERY PALE","ALE, ENGLIS","BITTER/PALE",5.00,1191
646,"OLD HOOKY","ALE, ENGLIS","BITTER/PALE",4.60,989
647,"OLD SPECKLED HEN","ALE, ENGLIS","BITTER/PALE",5.20,1094
648,"ORGANIC BEST BITTER","ALE, ENGLIS","BITTER/PALE",5.00,1238
649,"OTTER BITTER","ALE, ENGLIS","BITTER/PALE",3.60,1122
650,"PRIDE OF ROMSEY","ALE, ENGLIS","BITTER/PALE",5.00,956
651,"RADGIE GADGIE","ALE, ENGLIS","BITTER/PALE",4.80,1092
652,"RAM ROD","ALE, ENGLIS","BITTER/PALE",4.80,1349
653,"ROOSTER HOOLIGANS","ALE, ENGLIS","BITTER/PALE",4.30,1176
654,"ROYAL OAK","ALE, ENGLIS","BITTER/PALE",4.80,891
655,"RUDDLE'S BEST","ALE, ENGLIS","BITTER/PALE",5.00,1181
656,"RUTLAND BITTER","ALE, ENGLIS","BITTER/PALE",5.00,1181
657,"SARAH HUGHES PALE AMBER","ALE, ENGLIS","BITTER/PALE",4.00,1195
658,"SHARP'S WILLI","ALE, ENGLIS","BITTER/PALE",4.60,1211
659,"SHEP'S BITTER","ALE, ENGLIS","BITTER/PALE",5.00,1212
660,"SHEP'S MASTER BITTER","ALE, ENGLIS","BITTER/PALE",5.00,1212
661,"SMILE'S","ALE, ENGLIS","BITTER/PALE",5.20,1224
662,"SMILE'S BRISTOL IPA","ALE, ENGLIS","BITTER/PALE",4.50,1224
663,"SOVEREIGN BEST BITTER","ALE, ENGLIS","BITTER/PALE",4.10,1191
664,"SPITFIRE","ALE, ENGLIS","BITTER/PALE",4.50,1212
665,"ST.AUSTELL TRADITION","ALE, ENGLIS","BITTER/PALE",4.10,1233
666,"STINGO MIDDLE","ALE, ENGLIS","BITTER/PALE",5.00,759
667,"STONES BITTER","ALE, ENGLIS","BITTER/PALE",5.00,1252
668,"STRAWBERRY & CREAM","ALE, ENGLIS","BITTER/PALE",4.60,1257
669,"SUMMER LIGHTNING","ALE, ENGLIS","BITTER/PALE",5.00,990
670,"SUSSEX BEST BITTER","ALE, ENGLIS","BITTER/PALE",4.00,964
671,"SW2","ALE, ENGLIS","BITTER/PALE",4.80,1117
672,"TADPOLE","ALE, ENGLIS","BITTER/PALE",3.50,908
673,"TANGLEFOOT","ALE, ENGLIS","BITTER/PALE",5.00,715
674,"TANKARD BITTER ALE","ALE, ENGLIS","BITTER/PALE",5.00,1332
675,"TETLEY'S BITTER","ALE, ENGLIS","BITTER/PALE",5.00,1260
676,"THEAKSTON BEST BITTER","ALE, ENGLIS","BITTER/PALE",3.80,1264
677,"TINNERS","ALE, ENGLIS","BITTER/PALE",3.70,1233
678,"TRUMAN'S  BITTER","ALE, ENGLIS","BITTER/PALE",5.00,1288
679,"WHITBREAD BREWMASTER","ALE, ENGLIS","BITTER/PALE",5.00,1332
680,"WORTHINGTON BITTER","ALE, ENGLIS","BITTER/PALE",5.00,725
681,"WORTHINGTON DRAUGHT","ALE, ENGLIS","BITTER/PALE",5.00,725
682,"WORTHINGTON EXPORT ALE","ALE, ENGLIS","BITTER/PALE",5.00,725
683,"XB","ALE, ENGLIS","BITTER/PALE",5.00,1264
684,"YANKEES","ALE, ENGLIS","BITTER/PALE",4.30,1176
685,"YORKSHIRE BITTER","ALE, ENGLIS","BITTER/PALE",5.00,1327
686,"YOUNG'S AAA","ALE, ENGLIS","BITTER/PALE",4.00,1349
687,"YOUNG'S BITTER","ALE, ENGLIS","BITTER/PALE",3.70,1349
688,"YOUNG'S SPECIAL","ALE, ENGLIS","BITTER/PALE",4.80,1349
689,"CAPIT ALE","ALE, ENGLIS","BITTER/PALE",5.00,909
690,"FINANCIER ALE","ALE, ENGLIS","BITTER/PALE",4.30,909
691,"INSAINE","ALE, ENGLIS","BITTER/PALE",4.20,1262
692,"IMPOSSIBLE","ALE, ENGLIS","BITTER/PALE",2.60,821
693,"NINA","ALE, ENGLIS","BITTER/PALE",5.00,717
694,"RICCIOLA","ALE, ENGLIS","BITTER/PALE",5.00,812
695,"VALDERA","ALE, ENGLIS","BITTER/PALE",5.20,750
696,"HILDEN ALE","ALE, ENGLIS","BITTER/PALE",5.00,982
697,"GREENMANTLE","ALE, ENGLIS","BITTER/PALE",3.90,787
698,"THE GHILLIE","ALE, ENGLIS","BITTER/PALE",4.50,787
699,"WHITE WIFE","ALE, ENGLIS","BITTER/PALE",3.70,1309
700,"CASK ALE","ALE, ENGLIS","BITTER/PALE",5.00,719
701,"CHASING TAIL","ALE, ENGLIS","BITTER/PALE",4.00,1231
702,"COPPER ALE","ALE, ENGLIS","BITTER/PALE",5.00,719
703,"GEARY'S PALE ALE","ALE, ENGLIS","BITTER/PALE",5.00,932
704,"HONKER'S ALE","ALE, ENGLIS","BITTER/PALE",4.70,936
705,"MC GUIRE'S DDA","ALE, ENGLIS","BITTER/PALE",4.60,1079
706,"MIRROR POND PALE ALE","ALE, ENGLIS","BITTER/PALE",5.00,859
707,"NEPTUNE 66","ALE, ENGLIS","BITTER/PALE",5.10,1101
708,"PELICAN PALE ALE","ALE, ENGLIS","BITTER/PALE",5.00,692
709,"PENNANT ALE","ALE, ENGLIS","BITTER/PALE",5.00,786
710,"PROVIDER PALE ALE","ALE, ENGLIS","BITTER/PALE",5.00,1137
711,"SAMUEL ADAMS BOSTON ALE","ALE, ENGLIS","BITTER/PALE",5.00,765
712,"SHELTER PALE ALE","ALE, ENGLIS","BITTER/PALE",5.00,865
713,"UPTOWN PALE ALE","ALE, ENGLIS","BITTER/PALE",5.00,1303
714,"BRAIN'S EXTRA SMOOTH","ALE, ENGLIS","BITTER/PALE",3.70,769
715,"BRAIN'S SA","ALE, ENGLIS","BITTER/PALE",4.20,769
716,"CASTA DORADA","ALE, ENGLIS","BLONDE",5.40,896
717,"SURFERS SUMMER ALE","ALE, ENGLIS","BLONDE",4.80,1135
718,"WATEFRONT BLOND","ALE, ENGLIS","BLONDE",5.00,1245
719,"GRITSTONE PREMIUM ALE","ALE, ENGLIS","BROWN",5.50,1105
720,"MANN'S BROWN","ALE, ENGLIS","BROWN",5.00,891
721,"NEWCASTLE BROWN ALE","ALE, ENGLIS","BROWN",4.70,1207
722,"SMITH'S NUT BROWN","ALE, ENGLIS","BROWN",5.00,1191
723,"WARRINGTON BROWN","ALE, ENGLIS","BROWN",5.00,942
724,"CASTA MORENA","ALE, ENGLIS","BROWN",6.00,896
725,"BIG CYPRESS BROWN","ALE, ENGLIS","BROWN",4.50,1068
726,"BIRDMAN BROWN","ALE, ENGLIS","BROWN",5.00,692
727,"BROOKLYN BROWN","ALE, ENGLIS","BROWN",5.20,786
728,"BROWN BEAR","ALE, ENGLIS","BROWN",5.00,1266
729,"BROWN BEAR","ALE, ENGLIS","BROWN",5.00,1171
730,"EVANS BROWN","ALE, ENGLIS","BROWN",5.00,898
731,"HAZELNUT BROWN","ALE, ENGLIS","BROWN",5.20,1173
732,"NUTBROWN","ALE, ENGLIS","BROWN",5.20,936
733,"PETE'S WICKED ALE","ALE, ENGLIS","BROWN",5.10,1140
734,"1837 IPA","ALE, ENGLIS","INDIA/AMERICAN PALE",7.00,1143
735,"EMPIRE PALE ALE","ALE, ENGLIS","INDIA/AMERICAN PALE",7.50,792
736,"INDIA PALE ALE","ALE, ENGLIS","INDIA/AMERICAN PALE",5.00,1305
737,"MARSTON'S INDIA EXPORT","ALE, ENGLIS","INDIA/AMERICAN PALE",5.50,1074
738,"TRAFALGAR IPA","ALE, ENGLIS","INDIA/AMERICAN PALE",6.00,921
739,"PIONEER PALE ALE","ALE, ENGLIS","INDIA/AMERICAN PALE",6.50,1240
740,"RE ALE","ALE, ENGLIS","INDIA/AMERICAN PALE",6.00,751
741,"SCARAMPOLA IPA","ALE, ENGLIS","INDIA/AMERICAN PALE",6.20,1197
742,"90 MINUTES IPA","ALE, ENGLIS","INDIA/AMERICAN PALE",9.00,865
743,"ALPHA KING","ALE, ENGLIS","INDIA/AMERICAN PALE",5.80,679
744,"ARROGANT BASTARD ALE","ALE, ENGLIS","INDIA/AMERICAN PALE",7.20,1251
745,"BLUE POINT PALE","ALE, ENGLIS","INDIA/AMERICAN PALE",5.00,967
746,"BOMBAY BOMBER","ALE, ENGLIS","INDIA/AMERICAN PALE",5.00,1245
747,"BROOKLIN E.I.P.A.","ALE, ENGLIS","INDIA/AMERICAN PALE",7.00,786
748,"GOLDEN","ALE, ENGLIS","INDIA/AMERICAN PALE",5.00,830
749,"GRANT'S INDIA PALE ALE","ALE, ENGLIS","INDIA/AMERICAN PALE",4.20,1348
750,"HOP JUICE","ALE, ENGLIS","INDIA/AMERICAN PALE",8.00,1052
751,"HOP OTTIN IPA","ALE, ENGLIS","INDIA/AMERICAN PALE",7.00,700
752,"HOPDEVIL IPA","ALE, ENGLIS","INDIA/AMERICAN PALE",6.70,1323
753,"INDIA'N PALE ALE","ALE, ENGLIS","INDIA/AMERICAN PALE",5.00,1131
754,"IPA","ALE, ENGLIS","INDIA/AMERICAN PALE",5.90,936
755,"KARL STRAUSS PALE ALE","ALE, ENGLIS","INDIA/AMERICAN PALE",5.00,1112
756,"LIBERTY ALE","ALE, ENGLIS","INDIA/AMERICAN PALE",6.20,699
757,"PENNANT'S IPA","ALE, ENGLIS","INDIA/AMERICAN PALE",5.00,967
758,"REDHOOK PALE ALE","ALE, ENGLIS","INDIA/AMERICAN PALE",5.00,1159
759,"ROADHOUSE I.P.A.","ALE, ENGLIS","INDIA/AMERICAN PALE",6.80,705
760,"RUINATION IPA","ALE, ENGLIS","INDIA/AMERICAN PALE",7.70,1251
761,"SCHAFLY PALE ALE","ALE, ENGLIS","INDIA/AMERICAN PALE",5.00,1199
762,"SHARKBITE","ALE, ENGLIS","INDIA/AMERICAN PALE",5.00,1226
763,"SIERRA NEVADA PALE ALE","ALE, ENGLIS","INDIA/AMERICAN PALE",5.60,1215
764,"SPUD BOY'S IPA","ALE, ENGLIS","INDIA/AMERICAN PALE",6.40,1068
765,"STONE IPA","ALE, ENGLIS","INDIA/AMERICAN PALE",6.90,1251
766,"SUN DEVIL'S I.P.A.","ALE, ENGLIS","INDIA/AMERICAN PALE",6.70,722
767,"TORREY PINES IPA","ALE, ENGLIS","INDIA/AMERICAN PALE",6.90,1052
768,"XXX PALE ALE","ALE, ENGLIS","INDIA/AMERICAN PALE",5.00,1345
769,"O'HANLONS RED ALE","ALE, ENGLIS","IRISH RED",4.30,1107
770,"GEORGE KILLIAN'S","ALE, ENGLIS","IRISH RED",6.60,1134
771,"CAFFREY'S","ALE, ENGLIS","IRISH RED",5.00,796
772,"KILKENNY IRISH BEER","ALE, ENGLIS","IRISH RED",5.50,1225
773,"KILKENNY STRONG","ALE, ENGLIS","IRISH RED",5.00,1225
774,"MCFARLAND","ALE, ENGLIS","IRISH RED",5.00,1097
775,"MOLINGS","ALE, ENGLIS","IRISH RED",4.30,805
776,"PORTERHOUSE RED","ALE, ENGLIS","IRISH RED",4.40,1149
777,"SMITHWICK'S","ALE, ENGLIS","IRISH RED",5.00,1225
778,"BIG HOUSE RED","ALE, ENGLIS","IRISH RED",5.00,692
779,"IRISH AMBER","ALE, ENGLIS","IRISH RED",5.00,722
780,"MERMAID'S RED","ALE, ENGLIS","IRISH RED",5.00,830
781,"NEW YORK RED","ALE, ENGLIS","IRISH RED",5.00,1303
782,"RED TROLLEY","ALE, ENGLIS","IRISH RED",5.00,1112
783,"ROCK RED","ALE, ENGLIS","IRISH RED",5.00,1180
784,"BATEMANS MILD","ALE, ENGLIS","MILD",3.00,727
785,"HIGHGATE MILD","ALE, ENGLIS","MILD",3.40,980
786,"PRIORY MILD","ALE, ENGLIS","MILD",3.50,1102
787,"S. SMITH'S DARK MILD","ALE, ENGLIS","MILD",3.00,1191
788,"VALLEY BEER MILD","ALE, ENGLIS","MILD",5.80,1310
789,"BRAIN'S DARK","ALE, ENGLIS","MILD",3.50,769
790,"CHESTER BROWN","ALE, ENGLIS","OLD/WINTER",5.00,942
791,"COLLEGE ALE","ALE, ENGLIS","OLD/WINTER",7.40,678
792,"DARK STAR","ALE, ENGLIS","OLD/WINTER",5.00,1143
793,"EVERARDS OLD ALE","ALE, ENGLIS","OLD/WINTER",5.00,899
794,"EVERARDS OLD BILL","ALE, ENGLIS","OLD/WINTER",5.00,899
795,"FINAL SELECTION","ALE, ENGLIS","OLD/WINTER",5.00,1332
796,"HARVEST ALE","ALE, ENGLIS","OLD/WINTER",11.70,1048
797,"HARVEYS XMAS","ALE, ENGLIS","OLD/WINTER",8.30,964
798,"JACK FROST","ALE, ENGLIS","OLD/WINTER",4.50,924
799,"NELSON'S BLOOD","ALE, ENGLIS","OLD/WINTER",6.00,911
800,"OLD BEDFORD","ALE, ENGLIS","OLD/WINTER",5.00,819
801,"OLD CHESTER DARK","ALE, ENGLIS","OLD/WINTER",5.00,942
802,"OLD GROWLER","ALE, ENGLIS","OLD/WINTER",5.50,1102
803,"OLD PECULIER","ALE, ENGLIS","OLD/WINTER",5.00,1264
804,"OLD TOM","ALE, ENGLIS","OLD/WINTER",8.50,1169
805,"OWD ROGER","ALE, ENGLIS","OLD/WINTER",5.00,1074
806,"PRIZE OLD ALE","ALE, ENGLIS","OLD/WINTER",9.50,927
807,"RUDDLE'S COUNTY","ALE, ENGLIS","OLD/WINTER",5.00,1181
808,"STRONG SUFFOLK","ALE, ENGLIS","OLD/WINTER",6.00,943
809,"THOMAS HARDY'S ALE","ALE, ENGLIS","OLD/WINTER",12.00,891
810,"TRAFALGAR","ALE, ENGLIS","OLD/WINTER",9.00,927
811,"YOUNG'S BURTON ALE","ALE, ENGLIS","OLD/WINTER",6.00,1349
812,"YOUNG'S WINTER WARMER","ALE, ENGLIS","OLD/WINTER",5.00,1349
813,"BLACK HORSE","ALE, ENGLIS","OLD/WINTER",6.50,1317
814,"FORMIDABLE","ALE, ENGLIS","OLD/WINTER",8.00,821
815,"STARBESS STRONG ALE","ALE, ENGLIS","OLD/WINTER",10.50,1240
816,"LA MANDRAGORE","ALE, ENGLIS","OLD/WINTER",8.00,767
817,"BRECKENRIDGE XMAS","ALE, ENGLIS","OLD/WINTER",7.40,781
818,"SNOW CAP","ALE, ENGLIS","OLD/WINTER",7.00,1155
819,"WINTER WARMER","ALE, ENGLIS","OLD/WINTER",8.00,1068
820,"ALLOA EXPORT 80/-","ALE, ENGLIS","SCOTTISH PALE",5.00,694
821,"ALLOA SPECIAL 70/-","ALE, ENGLIS","SCOTTISH PALE",5.00,694
822,"ARROL'S 80/-","ALE, ENGLIS","SCOTTISH PALE",5.20,694
823,"AULD REEKIE 80/-","ALE, ENGLIS","SCOTTISH PALE",5.00,1263
824,"BELHAVEN 80/-","ALE, ENGLIS","SCOTTISH PALE",5.00,736
825,"BELHAVEN EXPORT ALE","ALE, ENGLIS","SCOTTISH PALE",4.50,736
826,"BELHAVEN PALE ALE","ALE, ENGLIS","SCOTTISH PALE",5.00,736
827,"BROUGHTON SPECIAL","ALE, ENGLIS","SCOTTISH PALE",5.00,787
828,"CALEDONIAN 80","ALE, ENGLIS","SCOTTISH PALE",4.80,799
829,"DRYBOROUGH SPECIAL","ALE, ENGLIS","SCOTTISH PALE",5.00,873
830,"LIA FAIL","ALE, ENGLIS","SCOTTISH PALE",4.70,999
831,"MC EWANS 80/-","ALE, ENGLIS","SCOTTISH PALE",5.00,1208
832,"MC EWANS EXPORT","ALE, ENGLIS","SCOTTISH PALE",4.20,1208
833,"RED MAC GREGOR","ALE, ENGLIS","SCOTTISH PALE",5.00,1119
834,"ST. ANDREWS","ALE, ENGLIS","SCOTTISH PALE",4.60,736
835,"TENNENT'S 70/-","ALE, ENGLIS","SCOTTISH PALE",5.00,1259
836,"TENNENT'S EXPORT 80/-","ALE, ENGLIS","SCOTTISH PALE",5.00,1259
837,"WALLACE","ALE, ENGLIS","SCOTTISH PALE",4.50,1065
838,"YOUNGER'S N.3","ALE, ENGLIS","SCOTTISH PALE",5.00,1208
839,"YOUNGER'S TARTAN","ALE, ENGLIS","SCOTTISH PALE",5.00,1208
840,"GRANT'S SCOTTISH ALE","ALE, ENGLIS","SCOTTISH PALE",4.70,1348
841,"MAC TARNAHA'S","ALE, ENGLIS","SCOTTISH PALE",5.10,1150
842,"1066","ALE, ENGLIS","STRONG BITTER/PALE",6.00,956
843,"1698","ALE, ENGLIS","STRONG BITTER/PALE",6.50,1212
844,"1824 PARTICULAR","ALE, ENGLIS","STRONG BITTER/PALE",6.00,1305
845,"1830 AMBER","ALE, ENGLIS","STRONG BITTER/PALE",6.50,1143
846,"BATEMANS SUPER BITTER","ALE, ENGLIS","STRONG BITTER/PALE",5.00,727
847,"BISHOPS FINGER","ALE, ENGLIS","STRONG BITTER/PALE",5.40,1212
848,"BOMBARDIER EXPORT","ALE, ENGLIS","STRONG BITTER/PALE",5.50,819
849,"BULLDOG PALE ALE","ALE, ENGLIS","STRONG BITTER/PALE",6.30,832
850,"COURAGE ENGLISH BEER","ALE, ENGLIS","STRONG BITTER/PALE",5.70,832
851,"DOG'S BOLLOCKS","ALE, ENGLIS","STRONG BITTER/PALE",6.50,1343
852,"EAST STREET CREAM","ALE, ENGLIS","STRONG BITTER/PALE",5.00,1158
853,"EXTRA SPECIAL BITTER","ALE, ENGLIS","STRONG BITTER/PALE",5.50,924
854,"FIDDLER'S ELBOW","ALE, ENGLIS","STRONG BITTER/PALE",5.20,1343
855,"FIREBOX","ALE, ENGLIS","STRONG BITTER/PALE",6.00,1158
856,"FREDERICS PREMIUM BEER","ALE, ENGLIS","STRONG BITTER/PALE",5.00,1169
857,"FULLER'S 1845","ALE, ENGLIS","STRONG BITTER/PALE",6.30,924
858,"HEN'S TOOTH","ALE, ENGLIS","STRONG BITTER/PALE",6.20,943
859,"JOHN COURAGE EXPORT","ALE, ENGLIS","STRONG BITTER/PALE",5.00,832
860,"JOHN COURAGE STRONG","ALE, ENGLIS","STRONG BITTER/PALE",5.00,832
861,"MARSTON'S BURTON STRONG","ALE, ENGLIS","STRONG BITTER/PALE",6.20,1074
862,"MARTIN'S PALE ALE","ALE, ENGLIS","STRONG BITTER/PALE",6.50,1004
863,"MASTERPIECE IPA","ALE, ENGLIS","STRONG BITTER/PALE",6.30,726
864,"SHARP'S SPECIAL","ALE, ENGLIS","STRONG BITTER/PALE",5.20,1211
865,"SPECIAL LONDON ALE","ALE, ENGLIS","STRONG BITTER/PALE",6.40,1349
866,"ST. GEORGE","ALE, ENGLIS","STRONG BITTER/PALE",5.20,1349
867,"ST. PETER'S STRONG ALE","ALE, ENGLIS","STRONG BITTER/PALE",5.10,1238
868,"STINGO SPECIAL","ALE, ENGLIS","STRONG BITTER/PALE",6.60,759
869,"WHITBREAD PALE","ALE, ENGLIS","STRONG BITTER/PALE",5.60,1332
870,"WORTHINGTON WH. SHIELD","ALE, ENGLIS","STRONG BITTER/PALE",5.60,725
871,"YOUNG'S STRONG EXPORT","ALE, ENGLIS","STRONG BITTER/PALE",5.00,1349
872,"ARTIGIAN ALE","ALE, ENGLIS","STRONG BITTER/PALE",6.20,745
873,"OLD ELIOT","ALE, ENGLIS","STRONG BITTER/PALE",5.00,1317
874,"CASTA BRUNA","ALE, ENGLIS","STRONG BITTER/PALE",5.50,896
875,"ALESMITH'S ESB","ALE, ENGLIS","STRONG BITTER/PALE",5.50,693
876,"AMERICAN ESB","ALE, ENGLIS","STRONG BITTER/PALE",5.00,1180
877,"EMPIRE STATE BITTER","ALE, ENGLIS","STRONG BITTER/PALE",5.00,824
878,"KILTLIFTER","ALE, ENGLIS","STRONG BITTER/PALE",6.00,918
879,"MEYER E.S.B.","ALE, ENGLIS","STRONG BITTER/PALE",5.00,1266
880,"PACIFIC RIDGE","ALE, ENGLIS","STRONG BITTER/PALE",5.60,701
881,"REDHOOK ESB","ALE, ENGLIS","STRONG BITTER/PALE",5.60,1159
882,"STEELHEAD AMBER","ALE, ENGLIS","STRONG BITTER/PALE",5.00,1245
883,"NAPOLEON","ALE, ENGLIS","STRONG SCOTCH",8.00,851
884,"SCOTCH DE SILLY","ALE, ENGLIS","STRONG SCOTCH",8.00,1217
885,"WELLINGTON SCOTCH ALE","ALE, ENGLIS","STRONG SCOTCH",5.00,1298
886,"CAMPBELL SCOTCH ALE","ALE, ENGLIS","STRONG SCOTCH",7.60,1332
887,"CAMPBELL XMAS","ALE, ENGLIS","STRONG SCOTCH",8.30,1332
888,"JOHN SMITH'S SCOTCH","ALE, ENGLIS","STRONG SCOTCH",5.00,1006
889,"BELHAVEN STRONG ALE","ALE, ENGLIS","STRONG SCOTCH",5.00,736
890,"BELHAVEN WEE HEAVY","ALE, ENGLIS","STRONG SCOTCH",7.20,736
891,"DEVIL'S KISS","ALE, ENGLIS","STRONG SCOTCH",7.00,1263
892,"DOUGLAS SCOTCH","ALE, ENGLIS","STRONG SCOTCH",8.60,1005
893,"DOUGLAS XMAS","ALE, ENGLIS","STRONG SCOTCH",8.60,1005
894,"EDINBURGH STRONG ALE","ALE, ENGLIS","STRONG SCOTCH",6.40,799
895,"FOWLER'S WEE HEAVY","ALE, ENGLIS","STRONG SCOTCH",5.00,1259
896,"GORDON'S FINEST RED","ALE, ENGLIS","STRONG SCOTCH",8.40,1005
897,"JACOBITE ALE","ALE, ENGLIS","STRONG SCOTCH",8.00,1282
898,"KINROSS SCOTCH ALE","ALE, ENGLIS","STRONG SCOTCH",5.00,882
899,"MC EWANS SCOTCH ALE","ALE, ENGLIS","STRONG SCOTCH",8.00,1208
900,"MC EWANS STRONG ALE","ALE, ENGLIS","STRONG SCOTCH",6.00,1208
901,"OLD JOCK","ALE, ENGLIS","STRONG SCOTCH",6.70,787
902,"S. ANDREWS CELEBRATION","ALE, ENGLIS","STRONG SCOTCH",5.00,737
903,"TENNENT'S SCOTCH","ALE, ENGLIS","STRONG SCOTCH",9.00,1259
904,"TRAQUAIR 100TH BREW 1978","ALE, ENGLIS","STRONG SCOTCH",5.00,1282
905,"TRAQUAIR ANNIVERSARY","ALE, ENGLIS","STRONG SCOTCH",5.00,738
906,"TRAQUAIR HOUSE ALE","ALE, ENGLIS","STRONG SCOTCH",7.00,738
907,"YOUNGER'S SCOTCH","ALE, ENGLIS","STRONG SCOTCH",5.00,1208
908,"NEW SCOTS ALE","ALE, ENGLIS","STRONG SCOTCH",5.00,830
909,"SCHAFLY SCOTCH ALE","ALE, ENGLIS","STRONG SCOTCH",5.00,1199
910,"1994 CHRISTMAS","ALE, ENGLIS",,8.00,1018
911,"CALVER'S CREAM ALE","ALE, ENGLIS",,5.00,800
912,"CELEBRATION ROYALE","ALE, ENGLIS",,5.00,1018
913,"CHESTER GOLD","ALE, ENGLIS",,5.00,942
914,"FARGO","ALE, ENGLIS",,5.00,819
915,"HSB 25' ANNIVERSARY","ALE, ENGLIS",,5.00,927
916,"KING'S ALE","ALE, ENGLIS",,5.00,725
917,"POPE'S 1880","ALE, ENGLIS",,5.00,891
918,"WATNEY'S TRADITIONAL","ALE, ENGLIS",,5.00,1326
919,"YOUNG ROWLEY 29/7/81","ALE, ENGLIS",,5.00,1128
920,"DON STUART","ALE, ENGLIS",,5.00,1209
921,"VILFORT","ALE, ENGLIS",,5.00,1209
922,"TWYFORD AMBER ALE","ALE, ENGLIS",,5.00,946
923,"CALIFFA","ALE, ENGLIS",,5.70,812
924,"CORNIOLA","ALE, ENGLIS",,5.00,1109
925,"FIOR DI LUPPOLO","ALE, ENGLIS",,3.80,723
926,"LAMBRATE","ALE, ENGLIS",,7.00,1043
927,"RED MOON","ALE, ENGLIS",,6.20,1317
928,"SPOON RIVER","ALE, ENGLIS",,6.00,938
929,"STARBESS RED ALE","ALE, ENGLIS",,5.50,1240
930,"THERESIANER STRONG ALE","ALE, ENGLIS",,6.50,1265
931,"VILLA POLA","ALE, ENGLIS",,3.80,723
932,"WOW!","ALE, ENGLIS",,6.00,1228
933,"FARSONS STRONG ALE","ALE, ENGLIS",,6.20,905
934,"BLACK DOUGLAS","ALE, ENGLIS",,5.20,787
935,"MONKSCROFT HOUSE ALE","ALE, ENGLIS",,5.00,737
936,"BOONT AMBER","ALE, ENGLIS",,5.80,700
937,"CELEBRATION ALE 2000","ALE, ENGLIS",,6.80,1215
938,"OUR SPECIAL ALE 2000","ALE, ENGLIS",,5.00,699
939,"OUR SPECIAL ALE 2001","ALE, ENGLIS",,5.00,699
940,"PETE'S WICKED SUMMER","ALE, ENGLIS",,5.00,1140
941,"SAMUEL ADAMS TRIPLE BOCK","ALE, ENGLIS",,7.50,766
942,"AERST 1900","ALE, BELGIA","BELGIAN PALE",8.00,1129
943,"CUVEE' DE KONINK","ALE, BELGIA","BELGIAN PALE",8.00,846
944,"DE KONINK","ALE, BELGIA","BELGIAN PALE",5.00,846
945,"KETJE","ALE, BELGIA","BELGIAN PALE",5.00,992
946,"PALM SPECIALE","ALE, BELGIA","BELGIAN PALE",5.00,1129
947,"SLOEBER","ALE, BELGIA","BELGIAN PALE",7.50,1175
948,"VIEUX TEMPS","ALE, BELGIA","BELGIAN PALE",5.00,707
949,"CELIS PALE BOCK","ALE, BELGIA","BELGIAN PALE",7.50,852
950,"FAT TIRE","ALE, BELGIA","BELGIAN PALE",5.00,1103
951,"ABBAYE D'AULNE TRIPLE BRUNE","ALE, BELGIA","BELGIAN STRONG",9.00,1307
952,"ABBAYE DE ROCS NOEL","ALE, BELGIA","BELGIAN STRONG",9.00,682
953,"ABBAYE DES ROCS","ALE, BELGIA","BELGIAN STRONG",9.00,682
954,"AFFLIGEM XMAS","ALE, BELGIA","BELGIAN STRONG",8.00,853
955,"BONNE ESPERANCE","ALE, BELGIA","BELGIAN STRONG",8.00,1050
956,"CHIMAY TAPPO BIANCO","ALE, BELGIA","BELGIAN STRONG",8.00,1275
957,"CHIMAY TAPPO BLU","ALE, BELGIA","BELGIAN STRONG",9.00,1275
958,"CHIMAY TAPPO ROSSO","ALE, BELGIA","BELGIAN STRONG",7.00,1275
959,"CUVEE DE NOEL","ALE, BELGIA","BELGIAN STRONG",8.50,874
960,"EX LIBRIS","ALE, BELGIA","BELGIAN STRONG",7.00,1029
961,"FLOREFFE","ALE, BELGIA","BELGIAN STRONG",9.00,1051
962,"GRIMBERGEN","ALE, BELGIA","BELGIAN STRONG",5.00,1298
963,"HET KAPITTEL PRIOR","ALE, BELGIA","BELGIAN STRONG",9.00,1313
964,"JOYEUX NOEL","ALE, BELGIA","BELGIAN STRONG",8.00,904
965,"LA BINCHOISE BRUNE","ALE, BELGIA","BELGIAN STRONG",8.20,1033
966,"LA BINCHOISE NOEL","ALE, BELGIA","BELGIAN STRONG",9.00,1033
967,"LA DIVINE","ALE, BELGIA","BELGIAN STRONG",9.00,1217
968,"LA GATTE D'OR","ALE, BELGIA","BELGIAN STRONG",7.50,772
969,"MAREDSOUS 8","ALE, BELGIA","BELGIAN STRONG",8.00,1091
970,"MOEDER OVERSTE","ALE, BELGIA","BELGIAN STRONG",8.00,1049
971,"MOINETTE BLONDE","ALE, BELGIA","BELGIAN STRONG",8.50,878
972,"MOINETTE BRUNE","ALE, BELGIA","BELGIAN STRONG",8.50,878
973,"PATER NOSTER","ALE, BELGIA","BELGIAN STRONG",6.30,749
974,"RADIEUSE","ALE, BELGIA","BELGIAN STRONG",8.50,1064
975,"ROCHEFORT 6","ALE, BELGIA","BELGIAN STRONG",7.50,1279
976,"ROCHEFORT 8","ALE, BELGIA","BELGIAN STRONG",9.20,1279
977,"S. SIXTUS (BERN.) PATER","ALE, BELGIA","BELGIAN STRONG",6.20,1183
978,"SILENRIEUX NOEL","ALE, BELGIA","BELGIAN STRONG",7.50,1216
979,"ST. FEUILLEN CUVEE DE NOEL","ALE, BELGIA","BELGIAN STRONG",9.00,922
980,"ST. MONON AMBREE'","ALE, BELGIA","BELGIAN STRONG",6.50,1237
981,"ST. MONON BRUNE","ALE, BELGIA","BELGIAN STRONG",7.50,1237
982,"VAL-DIEU BRUNE","ALE, BELGIA","BELGIAN STRONG",8.00,1308
983,"VIEILLE CUVEE","ALE, BELGIA","BELGIAN STRONG",8.00,1064
984,"VLETEREN ALT","ALE, BELGIA","BELGIAN STRONG",8.00,1099
985,"WESTVLETEREN 8","ALE, BELGIA","BELGIAN STRONG",8.00,1281
986,"ZATTE BIE","ALE, BELGIA","BELGIAN STRONG",9.00,837
987,"MAUDITE","ALE, BELGIA","BELGIAN STRONG",8.00,1295
988,"TROIS PISTOLES","ALE, BELGIA","BELGIAN STRONG",9.00,1295
989,"TICKLE BRAIN","ALE, BELGIA","BELGIAN STRONG",8.00,792
990,"NOEL CHOCOLATE","ALE, BELGIA","BELGIAN STRONG",9.00,717
991,"NOEL DU BALADIN","ALE, BELGIA","BELGIAN STRONG",9.00,717
992,"RAISON D'ETRE","ALE, BELGIA","BELGIAN STRONG",8.00,865
993,"ACHEL BLONDE","ALE, BELGIA","BLONDE",8.00,1274
994,"AFFLIGEM BLONDE","ALE, BELGIA","BLONDE",6.80,689
995,"BLONDE DES PERES","ALE, BELGIA","BLONDE",6.00,854
996,"CINEY BLONDE","ALE, BELGIA","BLONDE",7.00,1298
997,"GRIBOUSINE MALONNE BLONDE","ALE, BELGIA","BLONDE",9.00,1033
998,"LA TRAPPE BLONDE","ALE, BELGIA","BLONDE",6.50,1039
999,"MONTAGNARDE BLONDE","ALE, BELGIA","BLONDE",7.50,682
1000,"RADER BLONDE","ALE, BELGIA","BLONDE",6.50,1156
1001,"ROCHEFORTOISE BLONDE","ALE, BELGIA","BLONDE",6.20,1170
1002,"RULLES BLONDE","ALE, BELGIA","BLONDE",7.00,1182
1003,"SERAFIJN CELTIC ANGEL","ALE, BELGIA","BLONDE",6.20,684
1004,"ST. ERLIN","ALE, BELGIA","BLONDE",6.30,711
1005,"WALLONIE ARTISANS BRASSEURS","ALE, BELGIA","BLONDE",6.50,874
1006,"WESTVLETEREN BLOND","ALE, BELGIA","BLONDE",5.80,1281
1007,"ALPHAND BLONDE","ALE, BELGIA","BLONDE",5.00,695
1008,"COREFF BLONDE","ALE, BELGIA","BLONDE",5.00,828
1009,"MONT BLANC BLONDE","ALE, BELGIA","BLONDE",5.00,1088
1010,"GORGONA","ALE, BELGIA","BLONDE",7.10,750
1011,"PANIL BLONDE","ALE, BELGIA","BLONDE",5.00,1273
1012,"BOURGOGNE DES FLANDRES","ALE, BELGIA","BRUIN",5.00,1268
1013,"GROTTENBIER","ALE, BELGIA","BRUIN",6.50,851
1014,"LIEFMANS GOUDENBAND","ALE, BELGIA","BRUIN",6.00,1055
1015,"MECHELSCHEN BRUYNEN","ALE, BELGIA","BRUIN",5.50,978
1016,"OUDENAAARDE CNUDDE","ALE, BELGIA","BRUIN",6.00,822
1017,"PETRUS OUD BRUIN","ALE, BELGIA","BRUIN",5.50,731
1018,"QUEUE DE CHARRUE","ALE, BELGIA","BRUIN",5.40,1321
1019,"ROMAN OUDENAARDS","ALE, BELGIA","BRUIN",5.00,1175
1020,"SNOECK BRUIN","ALE, BELGIA","BRUIN",5.50,856
1021,"STRAFFE HENDRIJK BRUIN","ALE, BELGIA","BRUIN",8.50,1253
1022,"ZOTTEGEMSE GRAND CRU","ALE, BELGIA","BRUIN",8.40,834
1023,"MESTREECHT AAJT","ALE, BELGIA","BRUIN",3.50,948
1024,"ABB DE FLANDRES DOUBLE","ALE, BELGIA","DUBBEL",5.00,1168
1025,"ACHEL DONKER","ALE, BELGIA","DUBBEL",8.00,1274
1026,"AFFLIGEM DUBBEL","ALE, BELGIA","DUBBEL",6.50,689
1027,"CHARLES QUINT","ALE, BELGIA","DUBBEL",7.00,951
1028,"ENAMEL DUBBEL","ALE, BELGIA","DUBBEL",6.50,1175
1029,"FLOREFFE DOUBLE","ALE, BELGIA","DUBBEL",7.00,1049
1030,"GERARDUS KLOOSTERBIER DUBBEL","ALE, BELGIA","DUBBEL",7.00,949
1031,"S. BENEDICT","ALE, BELGIA","DUBBEL",6.50,845
1032,"S. BENOIT BRUNE","ALE, BELGIA","DUBBEL",6.30,874
1033,"S. DENISE DARK","ALE, BELGIA","DUBBEL",6.90,1248
1034,"S. LAURENT DOUBLE","ALE, BELGIA","DUBBEL",6.90,1248
1035,"S. SEBASTIAN DARK","ALE, BELGIA","DUBBEL",6.90,1248
1036,"STEENBRUGGE DUBBEL","ALE, BELGIA","DUBBEL",6.50,841
1037,"WESTMALLE DOUBLE","ALE, BELGIA","DUBBEL",6.50,1280
1038,"PANIL BRUNE","ALE, BELGIA","DUBBEL",7.50,1273
1039,"HERTOG JAN DOUBLE","ALE, BELGIA","DUBBEL",7.00,703
1040,"LA TRAPPE DUBBEL","ALE, BELGIA","DUBBEL",6.50,1277
1041,"BELGIAN ABBEY DUBBEL","ALE, BELGIA","DUBBEL",7.30,914
1042,"BACCHUS","ALE, BELGIA","FLEMISH SOUR",4.60,1314
1043,"CAVES","ALE, BELGIA","FLEMISH SOUR",5.50,1321
1044,"RODENBACH","ALE, BELGIA","FLEMISH SOUR",5.00,1172
1045,"RODENBACH ALEXANDER","ALE, BELGIA","FLEMISH SOUR",5.10,1172
1046,"RODENBACH GRAND CRU","ALE, BELGIA","FLEMISH SOUR",5.20,1172
1047,"BARRIQUEE","ALE, BELGIA","FLEMISH SOUR",8.00,1273
1048,"BARRIQUEE MILD","ALE, BELGIA","FLEMISH SOUR",8.00,1273
1049,"LA FOLIE","ALE, BELGIA","FLEMISH SOUR",6.00,1103
1050,"3 MONTS","ALE, BELGIA","GARDE",8.50,1187
1051,"ABBATIALE","ALE, BELGIA","GARDE",7.00,1232
1052,"ANGELUS","ALE, BELGIA","GARDE",7.00,702
1053,"BIERE DES SANS CULOTTES","ALE, BELGIA","GARDE",6.50,1035
1054,"BIRRA DEL MINATORE","ALE, BELGIA","GARDE",5.50,741
1055,"CAVE DES PERES","ALE, BELGIA","GARDE",5.00,702
1056,"CERVOISE LANCELOT","ALE, BELGIA","GARDE",6.00,1044
1057,"CH'TE","ALE, BELGIA","GARDE",6.00,741
1058,"CUVEE DE NOEL","ALE, BELGIA","GARDE",7.50,741
1059,"GAVROCHE","ALE, BELGIA","GARDE",8.50,1187
1060,"GRAIN D'ORGE","ALE, BELGIA","GARDE",7.00,1002
1061,"JADE BIERE PRECIEUSE","ALE, BELGIA","GARDE",4.60,741
1062,"JENLAIN","ALE, BELGIA","GARDE",6.50,879
1063,"JENLAIN BLONDE","ALE, BELGIA","GARDE",6.50,879
1064,"LA CHOULETTE AMBREE'","ALE, BELGIA","GARDE",7.50,1035
1065,"LA CHOULETTE BLONDE","ALE, BELGIA","GARDE",7.00,1035
1066,"LA GOUDALE","ALE, BELGIA","GARDE",7.20,892
1067,"LUTECE","ALE, BELGIA","GARDE",6.40,892
1068,"RESERVE DU CORBEAU","ALE, BELGIA","GARDE",6.40,775
1069,"RIJSELS","ALE, BELGIA","GARDE",5.00,1196
1070,"S. LANDELIN","ALE, BELGIA","GARDE",6.80,892
1071,"S. LEONARD","ALE, BELGIA","GARDE",6.00,1184
1072,"SEBOURG","ALE, BELGIA","GARDE",6.00,879
1073,"SEPTANTE 5","ALE, BELGIA","GARDE",7.50,940
1074,"AMBREE DU BALADIN","ALE, BELGIA","GARDE",6.20,717
1075,"BIERE DU BOUCANIER","ALE, BELGIA","GOLDEN",11.00,748
1076,"BOSKEUN","ALE, BELGIA","GOLDEN",8.90,840
1077,"BUSH BLONDE","ALE, BELGIA","GOLDEN",10.50,877
1078,"DELIRIUM TREMENS","ALE, BELGIA","GOLDEN",9.00,994
1079,"DUVEL","ALE, BELGIA","GOLDEN",8.60,1090
1080,"HAPKIN","ALE, BELGIA","GOLDEN",8.50,1061
1081,"JUDAS","ALE, BELGIA","GOLDEN",8.50,1298
1082,"JULIUS","ALE, BELGIA","GOLDEN",8.70,845
1083,"LA GUILLOTINE","ALE, BELGIA","GOLDEN",9.10,994
1084,"LUCIFER","ALE, BELGIA","GOLDEN",9.00,1168
1085,"PIRAAT","ALE, BELGIA","GOLDEN",10.60,748
1086,"SATAN GOLD","ALE, BELGIA","GOLDEN",8.00,838
1087,"EAU BENITE","ALE, BELGIA","GOLDEN",7.70,1296
1088,"2004 SYMPOSIUM ALE","ALE, BELGIA","GOLDEN",7.50,1251
1089,"HENNEPIN","ALE, BELGIA","GOLDEN",7.50,1116
1090,"ADA 10","ALE, BELGIA","QUADRUPEL",10.00,854
1091,"GRIMBERGEN OPTIMO BRUNO","ALE, BELGIA","QUADRUPEL",10.00,1298
1092,"GULDEN DRAAK","ALE, BELGIA","QUADRUPEL",11.00,748
1093,"HET KAPITTEL ABT","ALE, BELGIA","QUADRUPEL",10.00,1313
1094,"KASTEEL","ALE, BELGIA","QUADRUPEL",12.00,1314
1095,"N'ICE CHOUFFE","ALE, BELGIA","QUADRUPEL",10.00,1034
1096,"ROCHEFORT 10","ALE, BELGIA","QUADRUPEL",11.30,1279
1097,"S. SIXTUS (BERN.) ABT","ALE, BELGIA","QUADRUPEL",10.00,1183
1098,"ULTRABRUNE","ALE, BELGIA","QUADRUPEL",10.00,880
1099,"WESTVLETEREN 12","ALE, BELGIA","QUADRUPEL",10.60,1281
1100,"LA TRAPPE QUADRUPEL","ALE, BELGIA","QUADRUPEL",10.00,1276
1101,"WEYERBACHER QUAD","ALE, BELGIA","QUADRUPEL",12.10,1331
1102,"CERVESIA","ALE, BELGIA","SAISON",8.50,878
1103,"SAISON DE SILLY","ALE, BELGIA","SAISON",5.00,1217
1104,"SAISON DUPONT","ALE, BELGIA","SAISON",6.50,878
1105,"SAISON REGAL","ALE, BELGIA","SAISON",6.50,874
1106,"SEZOENS","ALE, BELGIA","SAISON",6.00,1075
1107,"SAISON DU BI-DU","ALE, BELGIA","SAISON",5.00,745
1108,"SHANGRI-LA","ALE, BELGIA","SAISON",8.50,1287
1109,"WAYAN","ALE, BELGIA","SAISON",5.20,717
1110,"WAYAN CUVEE D'ETE'","ALE, BELGIA","SAISON",5.80,717
1111,"MAGNOLIA SAISON","ALE, BELGIA","SAISON",6.40,1068
1112,"RABBID RABBIT","ALE, BELGIA","SAISON",7.20,679
1113,"AFFLIGEM TRIPLE","ALE, BELGIA","TRIPLE",8.50,853
1114,"AGNUS DEI","ALE, BELGIA","TRIPLE",8.00,875
1115,"BORNEM TRIPPEL","ALE, BELGIA","TRIPLE",9.00,748
1116,"BRUGSE TRIPEL","ALE, BELGIA","TRIPLE",9.00,841
1117,"DENDERMONDE TRIPLE","ALE, BELGIA","TRIPLE",8.00,838
1118,"DULLE TEVE","ALE, BELGIA","TRIPLE",10.00,840
1119,"ENAMEL TRIPEL","ALE, BELGIA","TRIPLE",9.00,1175
1120,"GENTSE TRIPEL","ALE, BELGIA","TRIPLE",8.00,748
1121,"GRIMBERGER TRIPLE","ALE, BELGIA","TRIPLE",7.00,1298
1122,"KASTEEL TRIPLE","ALE, BELGIA","TRIPLE",11.00,1314
1123,"LA MONTAGNARDE","ALE, BELGIA","TRIPLE",9.00,682
1124,"LAMORAL TRIPEL","ALE, BELGIA","TRIPLE",8.00,1311
1125,"LEFFE TRIPLE","ALE, BELGIA","TRIPLE",8.40,1064
1126,"LICHTERVELDS BLONDE","ALE, BELGIA","TRIPLE",9.00,840
1127,"MAREDSOUS 10","ALE, BELGIA","TRIPLE",10.00,1091
1128,"MONT SAINT-AUBERT","ALE, BELGIA","TRIPLE",8.00,788
1129,"QUEUE DE CHARRUE BLONDE","ALE, BELGIA","TRIPLE",9.00,748
1130,"RIVA ABBEY TRIPLE","ALE, BELGIA","TRIPLE",7.50,1168
1131,"S. DENISE GRAND CRU","ALE, BELGIA","TRIPLE",7.60,1248
1132,"S. LAURENT TRIPLE","ALE, BELGIA","TRIPLE",7.60,1248
1133,"S. MICHAEL","ALE, BELGIA","TRIPLE",6.80,994
1134,"S. SEBASTIAN GRAND CRU","ALE, BELGIA","TRIPLE",7.60,1248
1135,"S. SIXTUS (BERN.) TRIPLE","ALE, BELGIA","TRIPLE",7.50,1183
1136,"S.ARNOLDUS","ALE, BELGIA","TRIPLE",7.20,1168
1137,"SERAFIJN TRIPLE","ALE, BELGIA","TRIPLE",8.00,684
1138,"ST. FEUILLEN TRIPLE","ALE, BELGIA","TRIPLE",8.50,922
1139,"STEENBRUGGE TRIPLE","ALE, BELGIA","TRIPLE",9.00,841
1140,"TOISON D'OR TRIPLE","ALE, BELGIA","TRIPLE",7.00,978
1141,"TRAP 40","ALE, BELGIA","TRIPLE",9.00,994
1142,"TRIPLE KARMELIERT","ALE, BELGIA","TRIPLE",8.00,764
1143,"TRIPLE MOINE","ALE, BELGIA","TRIPLE",7.00,874
1144,"VAL DIEU TRIPLE","ALE, BELGIA","TRIPLE",9.00,1308
1145,"WESTMALLE TRIPLE","ALE, BELGIA","TRIPLE",9.00,1280
1146,"WITKAP PATER TRIPEL","ALE, BELGIA","TRIPLE",7.50,1223
1147,"LA FIN DU MONDE","ALE, BELGIA","TRIPLE",9.00,1295
1148,"HERTOG JAN TRIPLE","ALE, BELGIA","TRIPLE",8.50,703
1149,"LA TRAPPE TRIPEL","ALE, BELGIA","TRIPLE",8.00,1277
1150,"BAJA TRIPLE","ALE, BELGIA","TRIPLE",9.00,716
1151,"GOLDEN MONKEY","ALE, BELGIA","TRIPLE",9.50,1323
1152,"DON DE DIEU","ALE, BELGIA","TRIPLE/BLANCHE",9.00,1295
1153,"DOPPELHOPFEN HELL","ALE, BELGIA",,3.80,779
1154,"ALDEGONDE","ALE, BELGIA",,8.50,1084
1155,"ARTEVELDE GRAND CRU","ALE, BELGIA",,6.70,994
1156,"AUGUSTIJN","ALE, BELGIA",,8.00,748
1157,"BLONDINE","ALE, BELGIA",,9.00,842
1158,"BRIGAND","ALE, BELGIA",,9.00,1314
1159,"BRUNEHAUT TRADITION","ALE, BELGIA",,6.50,788
1160,"BRUNEHAUT VILLAGES","ALE, BELGIA",,6.50,788
1161,"BRUNETTE","ALE, BELGIA",,9.00,842
1162,"BUSH 7","ALE, BELGIA",,7.00,877
1163,"CINEY BRUNE","ALE, BELGIA",,7.00,1298
1164,"CINEY SPECIALE","ALE, BELGIA",,9.00,1298
1165,"CUVEE DE L'ERMITAGE","ALE, BELGIA",,5.00,1298
1166,"DE BROGNE BLONDE","ALE, BELGIA",,5.00,855
1167,"DOUBLE ENGHIEN","ALE, BELGIA",,8.00,1217
1168,"DUVEL BRUNE","ALE, BELGIA",,5.00,1090
1169,"FIREFOX","ALE, BELGIA",,7.00,994
1170,"FORMULA ANT. RENOVATA","ALE, BELGIA",,10.00,853
1171,"GAULOISE","ALE, BELGIA",,8.20,874
1172,"GAULOISE BLONDE","ALE, BELGIA",,7.00,874
1173,"GAULOISE BRUNE","ALE, BELGIA",,8.50,874
1174,"GILDENBIER","ALE, BELGIA",,7.00,951
1175,"GOUDEN CAROLUS","ALE, BELGIA",,7.40,978
1176,"GOUDEN CAROLUS AMBRIO","ALE, BELGIA",,6.50,978
1177,"GRAND MONARQUE","ALE, BELGIA",,8.40,874
1178,"HELLEKETERBIER","ALE, BELGIA",,7.00,837
1179,"HOEGAARDS GRAND CRU","ALE, BELGIA",,8.70,845
1180,"HOTTEUSE-BIERE DE CHINY","ALE, BELGIA",,8.00,851
1181,"HY CUVEE","ALE, BELGIA",,11.00,748
1182,"HY SUPER","ALE, BELGIA",,11.00,748
1183,"IL FRUTTO PROIBITO","ALE, BELGIA",,8.00,845
1184,"JAN VAN GENT","ALE, BELGIA",,5.50,1055
1185,"KNIGHT'S ALE","ALE, BELGIA",,6.00,874
1186,"LA CHOUFFE","ALE, BELGIA",,8.00,1034
1187,"LA RESERVE DE L'ABBESSE","ALE, BELGIA",,7.60,1248
1188,"L'ECUME DES JOURS","ALE, BELGIA",,7.00,788
1189,"LEFFE BLONDE","ALE, BELGIA",,6.00,1064
1190,"LEFFE BRUNE","ALE, BELGIA",,6.20,1064
1191,"LEFFE ROSSA","ALE, BELGIA",,6.50,1064
1192,"LIVING 6.3","ALE, BELGIA",,6.30,748
1193,"MAREDSOUS 6","ALE, BELGIA",,6.80,1090
1194,"OERBIER","ALE, BELGIA",,7.50,840
1195,"OREGON RODEO BEER","ALE, BELGIA",,4.30,1248
1196,"ORVAL","ALE, BELGIA",,5.70,1278
1197,"PAUWEL KWACK","ALE, BELGIA",,5.00,764
1198,"PETRUS WINTERBIER","ALE, BELGIA",,6.50,731
1199,"POPERINGS HOMMEL BIER","ALE, BELGIA",,7.50,1313
1200,"QUINTINE","ALE, BELGIA",,8.00,890
1201,"QUINTINE AMBREE","ALE, BELGIA",,8.50,890
1202,"RED LION","ALE, BELGIA",,5.00,1298
1203,"REGAL CHRISTMAS","ALE, BELGIA",,9.00,874
1204,"ROCHEFORTOISE WINTER","ALE, BELGIA",,12.00,1170
1205,"STILLE NACHT","ALE, BELGIA",,9.00,840
1206,"STRAFFE HENDRIK","ALE, BELGIA",,6.50,1253
1207,"SUPER DES FAGNES","ALE, BELGIA",,8.00,1047
1208,"TER DOLEN","ALE, BELGIA",,6.00,867
1209,"TONGERLO","ALE, BELGIA",,6.00,951
1210,"UIZET","ALE, BELGIA",,6.80,1126
1211,"VAL-DIEU AMBREE","ALE, BELGIA",,7.00,1308
1212,"WAASE WOLF","ALE, BELGIA",,6.50,760
1213,"WALLONIE","ALE, BELGIA",,9.50,706
1214,"XX BITTER","ALE, BELGIA",,6.20,849
1215,"LA GALLIARDE","ALE, BELGIA",,5.00,1295
1216,"ALPHAND AMBREE","ALE, BELGIA",,5.00,695
1217,"FELIBREE","ALE, BELGIA",,5.00,801
1218,"LA CORNUE BLONDE","ALE, BELGIA",,6.50,1036
1219,"LA CORNUE BRUNE","ALE, BELGIA",,7.70,1036
1220,"LA FRAICHE DE L'AUNELLE","ALE, BELGIA",,5.50,879
1221,"PELFORTH BRUNE","ALE, BELGIA",,6.60,1134
1222,"SPECIAL CHRISTMAS","ALE, BELGIA",,5.00,940
1223,"DUCKSTEIN","ALE, BELGIA",,4.90,988
1224,"BLONDE DU BALADIN","ALE, BELGIA",,5.00,717
1225,"BRIGHELLA","ALE, BELGIA",,8.00,1043
1226,"ELIXIR","ALE, BELGIA",,10.00,717
1227,"ESTASI","ALE, BELGIA",,6.00,723
1228,"GRAND CRU","ALE, BELGIA",,7.50,753
1229,"MARTESANA","ALE, BELGIA",,4.20,750
1230,"MONTESTELLA","ALE, BELGIA",,5.50,1043
1231,"PANIL AMBREE","ALE, BELGIA",,6.50,1273
1232,"PANIL ENHANCED","ALE, BELGIA",,9.50,1273
1233,"PORPORA","ALE, BELGIA",,6.50,1043
1234,"S. AMBROEUS","ALE, BELGIA",,7.00,1043
1235,"S.NICOLO'","ALE, BELGIA",,6.00,821
1236,"SUPER BALADIN","ALE, BELGIA",,8.00,717
1237,"YACHIYO GOLD ALE","ALE, BELGIA",,4.00,1347
1238,"ARCEN BOCK","ALE, BELGIA",,6.50,703
1239,"COLUMBUS","ALE, BELGIA",,9.00,997
1240,"HERTOG JAN BLOND","ALE, BELGIA",,5.00,703
1241,"HERTOG JAN GRAND PRESTIGE","ALE, BELGIA",,10.00,703
1242,"JOPEN HOPPENBIER","ALE, BELGIA",,6.80,952
1243,"MERCK TOCH HOE STERK","ALE, BELGIA",,8.50,1201
1244,"NEERLANDS ALE 21","ALE, BELGIA",,8.50,1073
1245,"OUD LIMBOURGS","ALE, BELGIA",,6.00,703
1246,"STRANDGAPER","ALE, BELGIA",,6.20,1201
1247,"STRUIS","ALE, BELGIA",,9.00,997
1248,"BIPLANO","ALE, BELGIA",,5.00,1110
1249,"LA TORPILLE","ALE, BELGIA",,7.50,767
1250,"BLANCHEE","ALE, BELGIA",,5.00,1131
1251,"IMMORT'ALE","ALE, BELGIA",,11.00,865
1252,"ST. THOMAS BRAU","ALE/LAGER H","ALT",4.60,779
1253,"ACTIEN ALT","ALE/LAGER H","ALT",5.00,869
1254,"DIEBELS ALT","ALE/LAGER H","ALT",5.00,862
1255,"EDER PRIVAT ALT","ALE/LAGER H","ALT",5.00,881
1256,"GAMBRINUS ALT","ALE/LAGER H","ALT",5.50,928
1257,"GATZWEILERS ALT","ALE/LAGER H","ALT",5.00,930
1258,"HANNEN ALT","ALE/LAGER H","ALT",5.00,957
1259,"KAISERDOM ALT RUBIN","ALE/LAGER H","ALT",5.00,791
1260,"KUR ALT","ALE/LAGER H","ALT",5.00,1031
1261,"KUTSCHER ALT","ALE/LAGER H","ALT",5.00,747
1262,"SCHLOSSER ALT","ALE/LAGER H","ALT",5.00,871
1263,"UERIGE ALT","ALE/LAGER H","ALT",4.50,1293
1264,"WETZLARER ALT","ALE/LAGER H","ALT",5.00,897
1265,"KYOTO ALT","ALE/LAGER H","ALT",5.00,1032
1266,"SCHAFLY ALTBIER","ALE/LAGER H","ALT",5.00,1199
1267,"FRUH'S ECHT KOLSCH","ALE/LAGER H","KOLSCH",5.00,923
1268,"GAFFEL KOLSCH","ALE/LAGER H","KOLSCH",5.00,926
1269,"GARDE KOLSCH","ALE/LAGER H","KOLSCH",5.00,929
1270,"KUPPERS KOLSCH","ALE/LAGER H","KOLSCH",4.60,1030
1271,"MALZMUHLE KOLSCH","ALE/LAGER H","KOLSCH",5.00,1071
1272,"PAFFGEN KOLSCH","ALE/LAGER H","KOLSCH",5.00,1127
1273,"SION KOLSCH","ALE/LAGER H","KOLSCH",5.00,1220
1274,"RODERSCH","ALE/LAGER H","KOLSCH",5.00,745
1275,"KOLSCH","ALE/LAGER H","KOLSCH",5.00,936
1276,"ANCHOR STEAM BEER","ALE/LAGER H","STEAM",5.00,699
1277,"OLD FAITHFUL","ALE/LAGER H","STEAM",5.50,967
1278,"SIR HENRY'S STOUT","STOUT & POR","DRY",5.20,779
1279,"BLACK BOWLER LONDON","STOUT & POR","DRY",5.00,1332
1280,"DEEP SHAFT STOUT","STOUT & POR","DRY",6.20,921
1281,"DOROTHY GOODBODY WHOLESOME","STOUT & POR","DRY",4.60,1344
1282,"ENTIRE STOUT","STOUT & POR","DRY",4.40,990
1283,"LIQUORICE STOUT","STOUT & POR","DRY",6.00,1272
1284,"NEW QUAY STEAM STOUT","STOUT & POR","DRY",5.40,829
1285,"NOURISHING STOUT","STOUT & POR","DRY",4.00,927
1286,"O'HANLONS PORT STOUT","STOUT & POR","DRY",4.80,1107
1287,"OYSTER STOUT","STOUT & POR","DRY",4.50,1074
1288,"S. SMITH'S EXTRA STOUT","STOUT & POR","DRY",4.10,1191
1289,"SHOREDITCH STOUT","STOUT & POR","DRY",4.00,1143
1290,"TITANIC STOUT","STOUT & POR","DRY",4.50,1271
1291,"WHITBREAD EXTRA STOUT","STOUT & POR","DRY",5.00,1332
1292,"WOLF STOUT","STOUT & POR","DRY",4.80,1336
1293,"ALPHAND STOUT","STOUT & POR","DRY",5.00,695
1294,"DARK DE TRIOMPHE","STOUT & POR","DRY",5.00,1262
1295,"BEAMISH STOUT","STOUT & POR","DRY",5.00,732
1296,"BROADFORK STOUT","STOUT & POR","DRY",3.60,1136
1297,"CAFFREY'S STOUT","STOUT & POR","DRY",6.00,796
1298,"D'ARCY'S STOUT","STOUT & POR","DRY",4.70,876
1299,"GUINNESS COOL CASK","STOUT & POR","DRY",4.20,946
1300,"GUINNESS DRAUGHT","STOUT & POR","DRY",5.00,946
1301,"GUINNESS EXTRA STOUT","STOUT & POR","DRY",4.20,946
1302,"MURPHY'S STOUT","STOUT & POR","DRY",5.00,1097
1303,"O'HARA","STOUT & POR","DRY",4.30,805
1304,"OYSTER STOUT","STOUT & POR","DRY",4.80,1149
1305,"WRASSLER'S XXXX","STOUT & POR","DRY",5.00,1149
1306,"BRUNE DU BALADIN","STOUT & POR","DRY",4.90,717
1307,"GILLESPIE","STOUT & POR","DRY",4.00,1208
1308,"TENNENT'S STOUT","STOUT & POR","DRY",5.00,1259
1309,"CABLE CAR STOUT","STOUT & POR","DRY",5.00,692
1310,"HAWK STOUT","STOUT & POR","DRY",5.20,1082
1311,"MAPLE STOUT","STOUT & POR","DRY",5.00,1180
1312,"POG NO THON","STOUT & POR","DRY",6.00,722
1313,"RILEY'S STOUT","STOUT & POR","DRY",5.00,1131
1314,"SARANAC BLACK AND TAN","STOUT & POR","DRY",5.10,1076
1315,"SHAKESPEARE STOUT","STOUT & POR","DRY",6.00,1173
1316,"TERMINAL STOUT","STOUT & POR","DRY",5.00,1171
1317,"DOUBLE BLACK STOUT","STOUT & POR","DRY/COFFEE",6.80,1159
1318,"GUINNESS FOREIGN","STOUT & POR","FOREIGN",7.50,946
1319,"GUINNESS SPECIAL EXPORT","STOUT & POR","FOREIGN",8.00,946
1320,"KIRIN STOUT","STOUT & POR","FOREIGN",8.00,1019
1321,"ABC STOUT","STOUT & POR","FOREIGN",8.10,710
1322,"EXPORT STOUT","STOUT & POR","IMPERIAL",9.00,840
1323,"HERCULE STOUT","STOUT & POR","IMPERIAL",9.00,890
1324,"PERNSTEJN PORTER","STOUT & POR","IMPERIAL",8.00,1138
1325,"ALBANI PORTER","STOUT & POR","IMPERIAL",7.80,691
1326,"CERES STOUT","STOUT & POR","IMPERIAL",7.70,813
1327,"IMPERIAL STOUT","STOUT & POR","IMPERIAL",7.80,806
1328,"LIMFJORD PORTER","STOUT & POR","IMPERIAL",5.00,1304
1329,"PORTER DOUBLE STOUT","STOUT & POR","IMPERIAL",5.00,1290
1330,"WIBROE IMPERIAL STOUT","STOUT & POR","IMPERIAL",5.00,1333
1331,"1792 IMPERIAL STOUT","STOUT & POR","IMPERIAL",9.30,1143
1332,"IMPERIAL RUSSIAN STOUT","STOUT & POR","IMPERIAL",9.50,832
1333,"OLD BARLEY IMPERIAL","STOUT & POR","IMPERIAL",5.40,725
1334,"SMITH'S IMPERIAL STOUT","STOUT & POR","IMPERIAL",7.00,1191
1335,"SUSSEX IMPERIAL STOUT","STOUT & POR","IMPERIAL",5.00,1018
1336,"ARCENER STOUT","STOUT & POR","IMPERIAL",6.50,703
1337,"SKOL EXTRA STOUT","STOUT & POR","IMPERIAL",5.00,1222
1338,"BALTIKA PORTER","STOUT & POR","IMPERIAL",7.00,720
1339,"ZYWIEC PORTER","STOUT & POR","IMPERIAL",9.30,1354
1340,"LION STOUT","STOUT & POR","IMPERIAL",8.00,818
1341,"ALMOND IMPERIAL STOUT","STOUT & POR","IMPERIAL",9.00,722
1342,"EXPEDITION STOUT","STOUT & POR","IMPERIAL",10.00,740
1343,"GRANT'S IMPERIAL STOUT","STOUT & POR","IMPERIAL",6.70,1348
1344,"IMPERIAL STOUT","STOUT & POR","IMPERIAL",11.80,1173
1345,"LEFT HAND IMPERIAL STOUT","STOUT & POR","IMPERIAL",10.40,1053
1346,"OLD RASPUTIN","STOUT & POR","IMPERIAL",8.90,1106
1347,"WORLD WIDE STOUT","STOUT & POR","IMPERIAL",8.00,866
1348,"SMITH'S OATMEAL STOUT","STOUT & POR","OATMEAL",4.50,1191
1349,"YOUNG'S OATMEAL STOUT","STOUT & POR","OATMEAL",5.00,1349
1350,"OATMEAL STOUT","STOUT & POR","OATMEAL",5.00,1089
1351,"OATMEAL STOUT","STOUT & POR","OATMEAL",4.20,787
1352,"BARNEY FLATS","STOUT & POR","OATMEAL",6.00,700
1353,"BILGEWATER STOUT","STOUT & POR","OATMEAL",5.00,1245
1354,"FARMER JOE'S","STOUT & POR","OATMEAL",6.00,967
1355,"FOUR PEAKS OATMEAL STOUT","STOUT & POR","OATMEAL",5.00,918
1356,"STOUT OF CIRCUMSTANCE","STOUT & POR","OATMEAL",6.00,1068
1357,"UPTOWN STOUT","STOUT & POR","OATMEAL",5.00,1303
1358,"WOLAVERS OATMEAL STOUT","STOUT & POR","OATMEAL",5.00,1123
1359,"1850 LONDON PORTER","STOUT & POR","PORTER",5.00,1143
1360,"ALBION PORTER","STOUT & POR","PORTER",4.80,1074
1361,"DOGBOLTER","STOUT & POR","PORTER",5.60,908
1362,"FLAG PORTER","STOUT & POR","PORTER",5.00,889
1363,"HONEY PORTER","STOUT & POR","PORTER",4.90,939
1364,"LIQUORICE PORTER","STOUT & POR","PORTER",5.00,1143
1365,"LONDON PORTER","STOUT & POR","PORTER",4.50,924
1366,"OLD SLUG PORTER","STOUT & POR","PORTER",4.50,1158
1367,"ORIGINAL PORTER","STOUT & POR","PORTER",5.20,1212
1368,"PORTER","STOUT & POR","PORTER",5.00,1305
1369,"TADDY PORTER","STOUT & POR","PORTER",4.60,1191
1370,"CONFINE","STOUT & POR","PORTER",6.00,745
1371,"ANCHOR PORTER","STOUT & POR","PORTER",5.70,699
1372,"BLACK'S BEACH","STOUT & POR","PORTER",5.00,1112
1373,"GRAVEYARD PORTER","STOUT & POR","PORTER",5.40,722
1374,"HONEY PORTER","STOUT & POR","PORTER",5.00,967
1375,"HUDSON PORTER","STOUT & POR","PORTER",5.10,824
1376,"MC GUIRE'S PLAIN PORTER","STOUT & POR","PORTER",4.30,1079
1377,"NOT TONIGHT HONEY PORTER","STOUT & POR","PORTER",6.50,967
1378,"POINT LOMA PORTER","STOUT & POR","PORTER",5.00,830
1379,"ROAD DOG","STOUT & POR","PORTER",5.40,913
1380,"SIERRA NEVADA PORTER","STOUT & POR","PORTER",5.60,1215
1381,"UNCLE DUDLEY'S PERCOLATOR","STOUT & POR","PORTER",5.90,933
1382,"BUFFALO","STOUT & POR","SWEET",6.50,1311
1383,"WILSON MILD STOUT","STOUT & POR","SWEET",5.00,748
1384,"DOUBLE CHOCOLATE","STOUT & POR","SWEET",5.00,1349
1385,"MACKESON","STOUT & POR","SWEET",5.00,1332
1386,"VELVET STOUT","STOUT & POR","SWEET",5.00,832
1387,"PORTER 39","STOUT & POR","SWEET",6.90,1300
1388,"VIA LATTEA","STOUT & POR","SWEET",4.00,754
1389,"MAC CALLUM'S STOUT","STOUT & POR","SWEET",4.10,736
1390,"SWEETHEARTH STOUT","STOUT & POR","SWEET",5.00,1259
1391,"WINSTON SWEET STOUT","STOUT & POR","SWEET",5.00,736
1392,"YOUNGER'S SWEET STOUT","STOUT & POR","SWEET",5.00,1208
1393,"BANDERSNATCH SWEET STOUT","STOUT & POR","SWEET",6.00,722
1394,"BERLINER WEISSE","WHEAT (GRAN","BERLINER",2.50,1017
1395,"KINDL BERLINER WEISSE","WHEAT (GRAN","BERLINER",5.00,1322
1396,"BLANCHE DE BRUGES","WHEAT (GRAN","BLANCHE-WIT",5.00,841
1397,"BLANCHE DE NAMUR","WHEAT (GRAN","BLANCHE-WIT",4.50,874
1398,"BLANCHE DE NOEL","WHEAT (GRAN","BLANCHE-WIT",4.20,874
1399,"BLANCHE DES HONNELLES","WHEAT (GRAN","BLANCHE-WIT",6.00,682
1400,"DENTERGEM'S WITBIER","WHEAT (GRAN","BLANCHE-WIT",5.00,1168
1401,"HOEGAARDS DAS","WHEAT (GRAN","BLANCHE-WIT",5.00,845
1402,"HOEGAARDS WIT","WHEAT (GRAN","BLANCHE-WIT",5.00,845
1403,"MEDITERRANEA","WHEAT (GRAN","BLANCHE-WIT",4.50,748
1404,"OREGON WHITE BEER","WHEAT (GRAN","BLANCHE-WIT",5.50,1248
1405,"SAISIS","WHEAT (GRAN","BLANCHE-WIT",6.20,890
1406,"WATOU BLANCHE","WHEAT (GRAN","BLANCHE-WIT",5.00,1313
1407,"BLANCHE DE CHAMBY","WHEAT (GRAN","BLANCHE-WIT",5.00,1295
1408,"AIGUILLE BLANCHE","WHEAT (GRAN","BLANCHE-WIT",5.00,820
1409,"ALPHAND BLANCHE","WHEAT (GRAN","BLANCHE-WIT",5.00,695
1410,"AMADEUS","WHEAT (GRAN","BLANCHE-WIT",4.50,892
1411,"BRITT BLANCHE","WHEAT (GRAN","BLANCHE-WIT",5.40,785
1412,"COLOMBA","WHEAT (GRAN","BLANCHE-WIT",5.00,1141
1413,"LA CORNUE BLANCHE","WHEAT (GRAN","BLANCHE-WIT",6.10,1036
1414,"TOURMENTE BLANCHE","WHEAT (GRAN","BLANCHE-WIT",5.00,941
1415,"ISAAC","WHEAT (GRAN","BLANCHE-WIT",4.60,717
1416,"PANADA","WHEAT (GRAN","BLANCHE-WIT",4.50,1287
1417,"OUWE DAEN WIT","WHEAT (GRAN","BLANCHE-WIT",5.00,1306
1418,"WIECKSE WITTE","WHEAT (GRAN","BLANCHE-WIT",5.00,850
1419,"HARVIESTOUN BELGIAN WHITE","WHEAT (GRAN","BLANCHE-WIT",4.30,965
1420,"LA SALAMANDRE","WHEAT (GRAN","BLANCHE-WIT",5.50,767
1421,"BLANCHE DE BROOKLIN","WHEAT (GRAN","BLANCHE-WIT",4.50,786
1422,"CELIS WHITE","WHEAT (GRAN","BLANCHE-WIT",5.00,810
1423,"PENTAMAX","WHEAT (GRAN","DARK WIT",6.00,1078
1424,"AVENTINUS","WHEAT (GRAN","DUNKELWEIZE",7.80,1205
1425,"EKU HEFE-WEISS DUNKEL","WHEAT (GRAN","DUNKELWEIZE",5.10,895
1426,"HOPF DUNKLE","WHEAT (GRAN","DUNKELWEIZE",5.00,958
1427,"PAULANER WEISS DUNKEL","WHEAT (GRAN","DUNKELWEIZE",5.30,1133
1428,"ROSENWEIZEN","WHEAT (GRAN","DUNKELWEIZE",5.00,1177
1429,"SCHLOSSWEISSE (DUNKLES)","WHEAT (GRAN","DUNKELWEIZE",4.80,1204
1430,"SCHWARZE WEISSE","WHEAT (GRAN","DUNKELWEIZE",5.10,984
1431,"VUDU'","WHEAT (GRAN","DUNKELWEIZE",5.50,753
1432,"EDELWEISS HEFETRUB","WHEAT (GRAN","WEIZE",5.50,1013
1433,"GOSSER WEISSE","WHEAT (GRAN","WEIZE",5.00,1246
1434,"WEIZENGOLD (CHAMPAGNER)","WHEAT (GRAN","WEIZE",5.50,1007
1435,"WEIZENGOLD (HEFE)","WHEAT (GRAN","WEIZE",5.00,1007
1436,"FREEDOM WHEAT","WHEAT (GRAN","WEIZE",5.00,920
1437,"ABT ANDREAS","WHEAT (GRAN","WEIZE",4.90,991
1438,"ARCOBRAU URWEISSE","WHEAT (GRAN","WEIZE",5.30,704
1439,"AYINGER WEISSE","WHEAT (GRAN","WEIZE",5.00,713
1440,"BRINKUS WEIZEN","WHEAT (GRAN","WEIZE",5.00,784
1441,"DEININGER HEFE-WEISSB.","WHEAT (GRAN","WEIZE",5.10,858
1442,"EKU HEFE-WEIZEN","WHEAT (GRAN","WEIZE",5.00,895
1443,"ERDINGER WEISSBIER","WHEAT (GRAN","WEIZE",5.30,894
1444,"FRANZISKANER","WHEAT (GRAN","WEIZE",5.00,1229
1445,"GAMBRINUS WEIZEN","WHEAT (GRAN","WEIZE",5.50,928
1446,"HACKER-PSCHORR WEISSE","WHEAT (GRAN","WEIZE",5.50,954
1447,"HB WEIZEN","WHEAT (GRAN","WEIZE",5.20,984
1448,"HUBER WEISS","WHEAT (GRAN","WEIZE",5.00,985
1449,"MAISEL WEISSE","WHEAT (GRAN","WEIZE",5.70,1070
1450,"MOY HEFE-WEISSBIER","WHEAT (GRAN","WEIZE",5.30,985
1451,"OBERDORFER WEISSBIER","WHEAT (GRAN","WEIZE",5.30,1189
1452,"PAULANER HEFE-WEISSBIER","WHEAT (GRAN","WEIZE",5.40,1133
1453,"PINKUS HEFE WEIZEN","WHEAT (GRAN","WEIZE",5.00,1142
1454,"PRINTZREGENT LUITPOLD","WHEAT (GRAN","WEIZE",5.50,1012
1455,"SAILER WEISSE","WHEAT (GRAN","WEIZE",5.00,1189
1456,"SANWALD HEFE","WHEAT (GRAN","WEIZE",4.90,864
1457,"SCHLOSSWEISSE (HELLES)","WHEAT (GRAN","WEIZE",4.80,1204
1458,"SCHNEIDER WEISSE","WHEAT (GRAN","WEIZE",5.50,1205
1459,"SHOFFERHOFER WEIZEN","WHEAT (GRAN","WEIZE",5.00,1214
1460,"TRIFTERN WEIZE","WHEAT (GRAN","WEIZE",5.50,1285
1461,"UNERTL WEISSBIER","WHEAT (GRAN","WEIZE",4.70,1294
1462,"VALENTINUS HEFE WEIZEN","WHEAT (GRAN","WEIZE",5.50,969
1463,"WEIHENSTEPHAN","WHEAT (GRAN","WEIZE",5.40,1328
1464,"WEISSBRAU HEFEWEIZEN","WHEAT (GRAN","WEIZE",5.00,778
1465,"WEIZEN PREMIUM","WHEAT (GRAN","WEIZE",5.10,1163
1466,"WEIZENLAND","WHEAT (GRAN","WEIZE",5.10,1011
1467,"WELTENBURGER KLOSTER","WHEAT (GRAN","WEIZE",5.10,1329
1468,"ALBA","WHEAT (GRAN","WEIZE",4.50,714
1469,"BI-WEIZEN","WHEAT (GRAN","WEIZE",5.00,753
1470,"CITTAVECCHIA WEIZEN","WHEAT (GRAN","WEIZE",5.00,821
1471,"DOMM","WHEAT (GRAN","WEIZE",5.30,1043
1472,"LA FABBRICA WEIZE","WHEAT (GRAN","WEIZE",4.50,1037
1473,"MICA","WHEAT (GRAN","WEIZE",4.50,938
1474,"PUSTERTALER WEIZEN","WHEAT (GRAN","WEIZE",5.40,1154
1475,"STELVIO WEISS","WHEAT (GRAN","WEIZE",4.50,1247
1476,"WEISS!","WHEAT (GRAN","WEIZE",5.30,1240
1477,"APPENZELLER WEIZEN","WHEAT (GRAN","WEIZE",5.20,1058
1478,"CALANDA WEIZEN","WHEAT (GRAN","WEIZE",5.20,797
1479,"OFFICINA WEIZEN","WHEAT (GRAN","WEIZE",5.20,1110
1480,"HEFEWEIZEN","WHEAT (GRAN","WEIZE",5.00,1245
1481,"WIND & SEA","WHEAT (GRAN","WEIZE",5.00,1038
1482,"RUPERTUS WEIZENBOCK","WHEAT (GRAN","WEIZENBOCK",7.00,1302
1483,"ST. MARTINI WEIZENBOCK","WHEAT (GRAN","WEIZENBOCK",5.00,977
1484,"SPECIALE","WHEAT (GRAN","WEIZENBOCK",7.00,1111
1485,"WEIZEN HEIMER","WHEAT (GRAN","WEIZENBOCK",9.20,933
1486,"TITANIUM WHEAT","WHEAT (GRAN","WEIZENWINE",5.00,1245
1487,"CURIM","WHEAT (GRAN",,4.30,805
1488,"TALCO","WHEAT (GRAN",,4.20,733
1489,"CASTA TRIGUERA","WHEAT (GRAN",,5.40,896
1490,"CABOT STREET WHEAT","WHEAT (GRAN",,5.00,1131
1491,"HOCUS POCUS","WHEAT (GRAN",,5.00,1067
1492,"IRIS 1996","LAMBIC","BARLEY (ORZO)",5.00,802
1493,"MORT SUBITE CASSIS","LAMBIC","CASSIS",3.50,843
1494,"S. LOUIS CASSIS","LAMBIC","CASSIS",5.00,1314
1495,"TIMMERMANS CASSIS","LAMBIC","CASSIS",5.50,1268
1496,"LINDEMANS FARO LAMBIC","LAMBIC","FARO",5.00,1056
1497,"CHAPEAU FRAISES","LAMBIC","FRAISES",3.00,857
1498,"BECASSE FRAMBOISE","LAMBIC","FRAMBOISE",5.20,774
1499,"BELLEVUE FRAMBOISE","LAMBIC","FRAMBOISE",5.20,739
1500,"BOON FRAMBOISE","LAMBIC","FRAMBOISE",5.00,762
1501,"BOON FRAMBOISE 1997","LAMBIC","FRAMBOISE",5.00,762
1502,"CHAPEAU FRAMBOISE","LAMBIC","FRAMBOISE",5.00,857
1503,"DE NEVE FRAMBOISE","LAMBIC","FRAMBOISE",5.00,847
1504,"FRAMBOISE FOUDROYANTE","LAMBIC","FRAMBOISE",5.00,1056
1505,"FRATER AMBROSIUS","LAMBIC","FRAMBOISE",5.00,902
1506,"MORT SUBITE FRAMBOISE","LAMBIC","FRAMBOISE",4.50,843
1507,"ROSE' DE GAMBRINUS","LAMBIC","FRAMBOISE",5.00,802
1508,"S. LOUIS FRAMBOISE","LAMBIC","FRAMBOISE",5.00,1314
1509,"S. PIERRE FRAMBOISE","LAMBIC","FRAMBOISE",5.20,847
1510,"VAN DER LINDEN FRAMBOZEN","LAMBIC","FRAMBOISE",7.00,1312
1511,"VIGNERONNE","LAMBIC","GRAPE (UVA)",5.00,802
1512,"3 FONTEINEN OUDE GEUZE","LAMBIC","GUEUZE",5.00,680
1513,"BECASSE GUEUZE","LAMBIC","GUEUZE",5.00,774
1514,"BELLEVUE GUEUZE LAMBIC","LAMBIC","GUEUZE",5.20,739
1515,"CANTILLON GUEUZE","LAMBIC","GUEUZE",5.00,802
1516,"DE CAM OUDE GEUZE","LAMBIC","GUEUZE",6.50,839
1517,"GIRARDIN GUEUZE","LAMBIC","GUEUZE",5.00,935
1518,"MORT SUBITE GUEUZE","LAMBIC","GUEUZE",5.00,843
1519,"S. LOUIS GUEUZE","LAMBIC","GUEUZE",5.00,1314
1520,"VIEUX BRUGES","LAMBIC","GUEUZE",5.00,1314
1521,"BECASSE KRIEK","LAMBIC","KRIEK",5.20,774
1522,"BELLEVUE KRIEK LAMBIC","LAMBIC","KRIEK",5.20,739
1523,"BOON KRIEK","LAMBIC","KRIEK",5.00,762
1524,"CANTILLON KRIEK","LAMBIC","KRIEK",5.00,802
1525,"GIRARDIN KRIEK","LAMBIC","KRIEK",5.00,935
1526,"HANSSENS OUDE KRIEK","LAMBIC","KRIEK",5.00,961
1527,"LINDEMANS KRIEK","LAMBIC","KRIEK",6.00,1056
1528,"LOU PEPE KRIEK","LAMBIC","KRIEK",5.00,802
1529,"MORT SUBITE KRIEK","LAMBIC","KRIEK",5.00,843
1530,"OUD BEERSEL OUDE KRIEK","LAMBIC","KRIEK",6.20,1124
1531,"TIMMERMANS PECHE","LAMBIC","KRIEK",4.50,1268
1532,"CANTILLON LAMBIC","LAMBIC","LAMBIC",5.00,802
1533,"GIRARDIN LAMBIC","LAMBIC","LAMBIC",5.00,935
1534,"GRAND CRU BRUOCSELLA 1996","LAMBIC","LAMBIC",5.00,802
1535,"DUIVELS","LAMBIC","LAMBIC+ALE",5.00,1312
1536,"MORT SUBITE PECHE","LAMBIC","PECHE",4.00,843
1537,"PECHERESSE","LAMBIC","PECHE",3.00,1056
1538,"S. LOUIS PECHE","LAMBIC","PECHE",5.00,1314
1539,"TIMMERMANS KRIEK","LAMBIC","PECHE",5.50,1268
1540,"NORA","SPECIAL","ANCIENT EGYPTIAN",7.00,717
1541,"APRICOT WEIZEN","SPECIAL","APRICOT WEIZE",5.00,1180
1542,"PYRAMID APRICOT ALE","SPECIAL","APRICOT WEIZE",5.00,963
1543,"BANANATAMA","SPECIAL","BANANA",6.00,681
1544,"BRAMBLE STOUT","SPECIAL","BERRY STOUT",5.00,792
1545,"BLUEBERRY ALE","SPECIAL","BLUEBERRY",3.60,920
1546,"BOSBIER","SPECIAL","BLUEBERRY",4.50,1236
1547,"BLUEBERRY","SPECIAL","BLUEBERRY",5.00,936
1548,"MIKE'S SUMMERFEST","SPECIAL","BLUEBERRY WHEAT",5.00,1240
1549,"CASSISSONA","SPECIAL","CASSIS",6.50,753
1550,"CHOCOLATE CHERRY PORTER","SPECIAL","CHERRY PORTER",5.00,1303
1551,"SAMUEL ADAMS CHERRY WHEAT","SPECIAL","CHERRY WHEAT",5.00,765
1552,"LIEFMANS KRIEK","SPECIAL","CHERRY(CILIEGE)",7.10,1055
1553,"'T SCHOENLAPPERTJE","SPECIAL","CHERRY(CILIEGE)",6.50,1201
1554,"PIETRA 7","SPECIAL","CHESTNUT (CASTAGNA)",7.00,1141
1555,"PIETRA BIERA CORSA","SPECIAL","CHESTNUT (CASTAGNA)",6.00,1141
1556,"PIETRA NOEL","SPECIAL","CHESTNUT (CASTAGNA)",6.00,1141
1557,"CASTAGNASCA","SPECIAL","CHESTNUT (CASTAGNA)",5.70,793
1558,"CASTEGNA","SPECIAL","CHESTNUT (CASTAGNA)",5.00,1058
1559,"CAVE CREEK CHILI BEER","SPECIAL","CHILI",4.70,757
1560,"NERKENBERRY","SPECIAL","CHOCO/BERRY",3.00,912
1561,"KRIEK DE RANKE","SPECIAL","CILIEGE",7.00,849
1562,"MAMA KRIEK","SPECIAL","CILIEGE",5.80,717
1563,"SCIRESONA","SPECIAL","CILIEGE",6.00,753
1564,"FRAOCH","SPECIAL","ERICA",5.00,968
1565,"CERVOGIA","SPECIAL","FARRO",7.50,750
1566,"DUCHESSA","SPECIAL","FARRO",5.50,751
1567,"BLOEMENBIER","SPECIAL","FIORI (FLOWERS)",7.00,848
1568,"FLEURETTE","SPECIAL","FIORI (FLOWERS)",3.80,753
1569,"RASPBERRY WHEAT","SPECIAL","FRAGOLE",5.00,692
1570,"LIEFMANS FRAMBOISE","SPECIAL","FRAMBOISE",5.10,1055
1571,"RASPBERRY TART","SPECIAL","FRAMBOISE",4.00,1104
1572,"LA TOURMENTE GENEPY","SPECIAL","GENEPY",5.90,941
1573,"EPI NOIR","SPECIAL","GRANO SARACENO",5.60,825
1574,"PERBACCO","SPECIAL","GRAPE (UVA)",11.00,717
1575,"GREEN ROCKY","SPECIAL","GREEN (VERDE)",5.00,1100
1576,"BARBAR","SPECIAL","HONEY (MIELE)",5.00,1049
1577,"BIERE DES OURS","SPECIAL","HONEY (MIELE)",9.00,1033
1578,"ST. MONON AU MIEL","SPECIAL","HONEY (MIELE)",8.00,1237
1579,"WAGGLE DANCE","SPECIAL","HONEY (MIELE)",5.00,1349
1580,"APA","SPECIAL","HONEY (MIELE)",10.00,1284
1581,"BIERE DE TOM","SPECIAL","HONEY (MIELE)",5.00,1096
1582,"LE SOUCHET","SPECIAL","HONEY (MIELE)",6.00,879
1583,"APE MAIA","SPECIAL","HONEY (MIELE)",5.00,793
1584,"TORRONA","SPECIAL","HONEY (MIELE)",7.00,812
1585,"MONGOZO PALMNUT","SPECIAL","PALM",7.00,994
1586,"MONGOZO QUINOA","SPECIAL","QUINOA",5.90,994
1587,"SCHLAGL GOLDROGGEN","SPECIAL","RYE (SEGALE)",4.90,1250
1588,"TACABANDA","SPECIAL","RYE (SEGALE)",5.00,753
1589,"ROGGEN","SPECIAL","RYE (SEGALE)",4.20,722
1590,"AECHT SCHENKERLA","SPECIAL","SMOKED (AFFUMICATA)",5.00,972
1591,"AECHT SCHLENKERLA URBOCK","SPECIAL","SMOKED (AFFUMICATA)",6.50,972
1592,"GHISA","SPECIAL","SMOKED (AFFUMICATA)",6.00,1043
1593,"RAUCH PORTER","SPECIAL","SMOKED (AFFUMICATA)",5.00,1240
1594,"SPLUGEN FUMEE","SPECIAL","SMOKED (AFFUMICATA)",5.00,1148
1595,"ZAHRE AFFUMICATA","SPECIAL","SMOKED (AFFUMICATA)",6.50,1351
1596,"SCHAFLY SMOKED PORTER","SPECIAL","SMOKED (AFFUMICATA)",5.00,1199
1597,"SMOKED ALE","SPECIAL","SMOKED (AFFUMICATA)",6.00,1173
1598,"SMOKED PORTER","SPECIAL","SMOKED (AFFUMICATA)",5.90,1251
1599,"SPELTOR","SPECIAL","SPELT (FARRO)",4.80,1095
1600,"PLANKSTETTEN DINKEL","SPECIAL","SPELT (FARRO)",4.90,1163
1601,"GINGER TOM","SPECIAL","SPICED/HERBS",3.90,724
1602,"MOROCCO","SPECIAL","SPICED/HERBS",5.50,835
1603,"36,15","SPECIAL","SPICED/HERBS",5.00,910
1604,"JENLAIN BLONDE GINGEMBRE","SPECIAL","SPICED/HERBS",5.00,879
1605,"MOULIN ROUGE","SPECIAL","SPICED/HERBS",6.10,910
1606,"BALUBA","SPECIAL","SPICED/HERBS",8.50,752
1607,"CINNAMON BITTER ALE","SPECIAL","SPICED/HERBS",5.80,753
1608,"FEBBRE ALTA","SPECIAL","SPICED/HERBS",7.80,1287
1609,"PANGAEA","SPECIAL","SPICED/HERBS",7.00,865
1610,"RAUCHENFELS STEINBIER","SPECIAL","STONE (PIETRA)",4.70,1157
1611,"NESSIE","SPECIAL","WHISKYMALT",6.50,883
1612,"OLD WHISKY","SPECIAL","WHISKYMALT",5.50,779
1613,"RAFTMAN","SPECIAL","WHISKYMALT",5.50,1295
1614,"ADELSCOTT","SPECIAL","WHISKYMALT",6.40,910
1615,"ADELSCOTT SCURA","SPECIAL","WHISKYMALT",6.40,910
1616,"BRITT ROUSSE","SPECIAL","WHISKYMALT",5.40,785
1617,"WEL SCOTCH","SPECIAL","WHISKYMALT",5.00,1027
